Image ,	URL
人口出生率死亡率和自然增长率,	https://data.stats.gov.cn/easyquery.htm?cn=C01
华康洁净,	https://webapi.cninfo.com.cn/#/company?companyid=301235
重庆至信实业股份有限公司,	https://www.sse.com.cn/assortment/stock/list/info/company/index.shtml?COMPANY_CODE=603352
央企海外风电光伏投资全图鉴,	https://mini.caixin.com/2026-01-05/102400311.html
全球亿万富豪们的“密钥”,	https://mini.caixin.com/2025-12-22/102395816.html
176518444215827_840_560	,	https://mini.caixin.com/2025-12-08/102390932.html
169823676750342_840_560	,	https://mini.caixin.com/2023-10-26/102120342.html
168801996310754_840_560	,	https://mini.caixin.com/2023-05-21/102057624.html
175869941242316_840_560	,	https://mini.caixin.com/2025-09-24/102365645.html
175738661550188_840_560	,	https://mini.caixin.com/2025-09-09/102360478.html
168731928719377_840_560	,	https://mini.caixin.com/2023-06-21/102067827.html
175427631721667_840_560	,	https://mini.caixin.com/2025-08-04/102348368.html
175230303763313_840_560	,	https://mini.caixin.com/2025-07-12/102340656.html
174865899514569_840_560	,	https://mini.caixin.com/2025-05-31/102326073.html
171375304621419_840_560	,	https://mini.caixin.com/2024-04-22/102188653.html
174416374573180_840_560	,	https://mini.caixin.com/2025-04-09/102307418.html
a3dd5a45133c082c041b0a4bb0597c2d	,	https://www.cninfo.com.cn/new/commonUrl?url=data/rzrq-zjlx#rzrq
b5e65b5224eb85bc5ab78170fd650da4	,	https://www.cninfo.com.cn/new/snapshot/companyDetailCn?code=000029
86c311ce10ea8c31e489b646141b0a1e	,	https://q.10jqka.com.cn/
8ab875b36a3fca6fab8c745f3da15faa	,	https://q.10jqka.com.cn/
e6bd73fb16a4ac70d5d13260a1386fdd	,	https://q.10jqka.com.cn/
dd5410178a901757c8e4a3dcf37f4ba9	,	https://stockpage.10jqka.com.cn/301235/
c4863e1fb8fa84e85abb82a1e4d62d3b	,	https://stockpage.10jqka.com.cn/300606/
f65eb43b4d8b48fff094f27b58b38a56	,	https://quote.eastmoney.com/sz300059.html
a395c95b1d6c8d0fa57abac634d5033e	,	https://www.xiaohongshu.com/explore/688a248b0000000025027c65?xsec_token=ABxgBlAvFaHwdUjSEKIvt5GoU5tEB5yTkmYZy6IesA5aE=&xsec_source=pc_search&source=unknown
f773f4be7c371ba5716eeea5e86aadb1	,	https://www.xiaohongshu.com/explore/688a248b0000000025027c65?xsec_token=ABxgBlAvFaHwdUjSEKIvt5GoU5tEB5yTkmYZy6IesA5aE=&xsec_source=pc_search&source=unknown
145920d949a088047826f9a7eeef78b6	,	https://www.xiaohongshu.com/explore/66dad146000000000c019c3b?xsec_token=AB2BZfKkWZkTkrqXPjLr7a-C21dzmfzQWJndwu-fX1Jbo=&xsec_source=pc_search&source=unknown
27e6e214bc261681014cef8928716c5e	,	https://www.xiaohongshu.com/explore/67d4daed000000001b039a30?xsec_token=ABkwr3J7uMSmXSBfijWj6Du_0Qq3svpQ60VrIIHCLslJ8=&xsec_source=pc_search&source=unknown
6026149186fc94eaf401129387c2fafe	,	https://www.xiaohongshu.com/explore/68382b5d000000000303eda3?xsec_token=ABmKlNnoRjwSFtnZebjrJH5OGUN3J3yr9OEOrSJ9grQ84=&xsec_source=pc_search&source=unknown
03dce53a75a4cd94e6da980d94950e34	,	https://www.xiaohongshu.com/explore/68382b5d000000000303eda3?xsec_token=ABmKlNnoRjwSFtnZebjrJH5OGUN3J3yr9OEOrSJ9grQ84=&xsec_source=pc_search&source=unknown
a865143fe04af1204b7ea59f11a188e9	,	https://www.xiaohongshu.com/explore/68382b5d000000000303eda3?xsec_token=ABmKlNnoRjwSFtnZebjrJH5OGUN3J3yr9OEOrSJ9grQ84=&xsec_source=pc_search&source=unknown
b567e0972e6639591fa94b34d3a993ed	,	https://www.xiaohongshu.com/explore/69696f42000000002203b088?xsec_token=ABuovzWJf95XbSsIAFcCUJMGAFGTDKYOBocTu_l8LYqfI=&xsec_source=pc_search&source=unknown
bc6b8e1753d74d551232f8d83603d8f0	,	https://www.xiaohongshu.com/explore/695a2924000000001e006e16?xsec_token=ABDpN-CXQs2HEorb-pMDsy7kJzcIVcga5VH0uhTYDsrjY=&xsec_source=pc_search&source=unknown
c0217f7564a352ce147398f05fe4c6bf	,	https://www.xiaohongshu.com/explore/694548dd000000001e0313d4?xsec_token=AB9ODONj5iJZ0V2xwplAc5VzeNTNSv2OIYPKBAo0zuMwc=&xsec_source=pc_search&source=unknown
d621edf7bc9671c7980bc35c3577a2d1	,	https://www.xiaohongshu.com/explore/6936bab2000000001d03d356?xsec_token=ABMdkOfLnNtQcqrGay6NzTGh1nI4Mn7vBtlvKR6xhGjjw=&xsec_source=pc_search&source=unknown
cdc471c9bed0d13cf90f59133cb6dc5c	,	https://www.xiaohongshu.com/explore/694010e6000000001d03a7db?xsec_token=ABFP1BTPR0EW_UL5ug7eNJ4joh1DplK44gT8yhcrfB6jM=&xsec_source=pc_search&source=unknown
eef0f421d38c8e373d7a394159b257b0	,	https://www.xiaohongshu.com/explore/6843c7e80000000022035628?xsec_token=ABadUROouU1n2z_fWiN_6sUExZ5xKvfuQ8cnekVuGj_kk=&xsec_source=pc_search&source=unknown
906efc9b8a6ee40c3b344dff7de0a53c	,	https://www.xiaohongshu.com/explore/68d68b62000000001202fc30?xsec_token=ABtT27MKVT-EVTRx32ghhzDLDgk5j9EvM8L10FURc9jVo=&xsec_source=pc_user
b4cf8110561ce8c85b845992e7eb4564	,	https://www.xiaohongshu.com/explore/68cba11c000000001301954d?xsec_token=ABJH1f2sN95PGZz6d2xAwzSoJpTsjYF1vg_xF0_pQMXxY=&xsec_source=pc_user
82de39a23153cf952744b6feb6e65cd1	,	https://www.xiaohongshu.com/explore/68c15d43000000001d02a259?xsec_token=ABD5583DQVrtDcAbczcZJsrrDz0Scmkvq2M6_MeIZSRyQ=&xsec_source=pc_user
721a1cdb60b5fd537e3ef37c18c667a8	,	https://www.xiaohongshu.com/explore/68b03df6000000001d038e09?xsec_token=ABXtaV3vMR7-_mop_YPeZqKGExrR4wO0hmcilOWn9L5_c=&xsec_source=pc_user
176888175265699_840_560	,	https://database.caixin.com/2026-01-20/102405786.html?cxapp_link=true&from=cxdata.caixin.com
176888241330641_840_560	,	https://database.caixin.com/2026-01-20/102405800.html?cxapp_link=true&from=cxdata.caixin.com
176887361448320_840_560	,	https://database.caixin.com/2026-01-20/102405682.html?cxapp_link=true&from=cxdata.caixin.com
176879728814092_840_560	,	https://database.caixin.com/2026-01-19/102405266.html?cxapp_link=true&from=cxdata.caixin.com
176861705229264_840_560	,	https://database.caixin.com/2026-01-17/102404774.html?cxapp_link=true&from=cxdata.caixin.com
63e2f302a6f2e39e4112179c124b199d	,	https://deepview.caixin.com/topic/BQ02.000006405.html?from=cxdata.caixin.com
14bc90f94276186de50dcba771921087	,	https://deepview.caixin.com/topic/BQ02.000006405.html?from=cxdata.caixin.com
e461a83aec2a115f56d533ac20188e4a	,	https://deepview.caixin.com/topic/BQ02.000006405.html?from=cxdata.caixin.com
2d98b5204ca5b8b8d88b5d95e0ecc71f	,	https://deepview.caixin.com/topic/BQ02.000006405.html?from=cxdata.caixin.com
790c1822bd4f697d11243f6280ae27a7	,	https://deepview.caixin.com/topic/BQ02.000006405.html?from=cxdata.caixin.com
176847310098644_840_560	,	https://finance.caixin.com/2026-01-15/102404101.html?channelSource=BQ02.000006405&originReferrer=BQ02.000006405
176835023148582_840_560	,	https://database.caixin.com/2026-01-14/102403466.html?cxapp_link=true&from=cxdata.caixin.com
176828716832462_840_560	,	https://database.caixin.com/2026-01-13/102403250.html?cxapp_link=true&from=cxdata.caixin.com
14e36a3427c795017fe676b355d90f8f	,	https://cxdata.caixin.com/index/newsTab?tab=latest
176880478077068_840_560	,	https://economy.caixin.com/2026-01-19/102405301.html
176891283340288_840_560	,	https://companies.caixin.com/2026-01-20/102406028.html
175273940604527_840_560	,	https://mini.caixin.com/2025-07-17/102342127.html
168550410483929_840_560	,	https://mini.caixin.com/2023-05-31/102060507.html
174306722327823_840_560	,	https://mini.caixin.com/2025-03-27/102302791.html
174252067158241_840_560	,	https://mini.caixin.com/2025-03-21/102300499.html
174226799797382_840_560	,	https://mini.caixin.com/2025-03-18/102299387.html
173786253702719_840_560	,	https://mini.caixin.com/2025-01-26/102283622.html
173768986482221_840_560	,	https://mini.caixin.com/2025-01-24/102282884.html
173147880902886_840_560	,	https://mini.caixin.com/2024-11-13/102256890.html
173079896006159_840_560	,	https://mini.caixin.com/2024-11-05/102253560.html
172109716147212_840_560	,	https://mini.caixin.com/2024-07-16/102216676.html
172006379153030_840_560	,	https://mini.caixin.com/2024-07-05/102213354.html
171765442438119_840_560	,	https://mini.caixin.com/2024-06-06/102203940.html
1040g34o31mf0h76ml2105o7bl730bo4bts66sd8!nd_dft_wlteh_webp_3	,	https://www.xiaohongshu.com/explore/68c802aa000000001d01bd6d?xsec_token=ABoNygrd6LBXKMQINC7ERZpbypBHWwyeruQAoAyNwdUVE=&xsec_source=pc_user
1040g0k031mfvg2cl50005o7bl730bo4bmglphd8!nd_dft_wlteh_webp_3	,	https://www.xiaohongshu.com/explore/68c9005d0000000013014cd7?xsec_token=ABIuU0dBruElRn-s_gz6zLyYmhhJ2M6oW_KX6jgJ2JS5s=&xsec_source=pc_user
1040g0k031lvcbmf24s005o7bl730bo4b6nba7go!nd_dft_wlteh_webp_3	,	https://www.xiaohongshu.com/explore/68b8012b000000001d024453?xsec_token=ABlX5Q0-Ik8sHQD9tkt00V59hZ6Itj4iBhcNQJ1RNqIEU=&xsec_source=pc_user
1040g34o31lpjns9rkq105o7bl730bo4bulreq7g!nd_dft_wlteh_webp_3	,	https://www.xiaohongshu.com/explore/68ace5b2000000001d02027c?xsec_token=ABSmWDoUc1YbeBSIgp043lB3uNuv-_Ty0-XIRlOY87Pmg=&xsec_source=pc_user
1040g34o31j3rur8f0u105o7bl730bo4bai954po!nd_dft_wlteh_webp_3	,	https://www.xiaohongshu.com/explore/6853c4c8000000000b01f741?xsec_token=AB_E-3CNGK_kktYgNglDlOxNZkteyUh9x7A_pN8qeUhho=&xsec_source=pc_user
1040g34o31j3go4d40o105o7bl730bo4bbqcs9u8!nd_dft_wlteh_webp_3	,	https://www.xiaohongshu.com/explore/6859f0250000000015020a1e?xsec_token=ABD4_8pDNXNIT67Nqg136p5QRDe2sXBOlBo_Erf6OLMbA=&xsec_source=pc_user
1040g34o31is6i5360u105o7bl730bo4baduh16o!nd_dft_wlteh_webp_3	,	https://www.xiaohongshu.com/explore/685271b2000000000b02d225?xsec_token=ABeI2PYB227QP8U7zW5Jj7nvi7o-TMEVLUp-l0E4Jwrpc=&xsec_source=pc_user
1040g34o31ilt661r0u105o7bl730bo4btlkubv0!nd_dft_wlteh_webp_3	,	https://www.xiaohongshu.com/explore/684bffbf00000000220352cd?xsec_token=AB8AaHDd3_sNsvAK1aBtqYQyWFC8PfkZRVJ0inFg94oBE=&xsec_source=pc_user
中国年末总人口年度趋势_1_老十七的图表库_来自小红书网页版	,	https://www.xiaohongshu.com/explore/6840f3680000000023015998?xsec_token=AB-p8B8OKno-BG2a1VA7fWqiyf2zRvC7fzKm9aDG7EQZ4=&xsec_source=pc_user
1040g0k031ilhgn6cgm705o7bl730bo4bqvfk08o!nd_dft_wlteh_webp_3	,	https://www.xiaohongshu.com/explore/684ba05f000000002300f3ac?xsec_token=AB8AaHDd3_sNsvAK1aBtqYQ5YIVLNLvwUPX7EHqAoivAI=&xsec_source=pc_user
1040g0k031iut80dcgu005o7bl730bo4bq8g69j8!nd_dft_wlteh_webp_3	,	https://www.xiaohongshu.com/explore/685537d40000000012021afe?xsec_token=ABNOT_3h6wzEvMrIYLW108I1jat-ThH0k4K9LiktWqMGA=&xsec_source=pc_user
1040g0k031j9b0ociii005o7bl730bo4bjb438do!nd_dft_wlteh_webp_3	,	https://www.xiaohongshu.com/explore/685fe7020000000013013751?xsec_token=ABYtsdFnF1O-uAM-lIOU0qHhfBAgiWOCDN_Yakneg53qY=&xsec_source=pc_user
1040g0k031j9br60sii005o7bl730bo4bnurqcgo!nd_dft_wlteh_webp_3	,	https://www.xiaohongshu.com/explore/685fed9500000000120238c6?xsec_token=ABYtsdFnF1O-uAM-lIOU0qHsJNkc9sODmVmakZ9OjwPKs=&xsec_source=pc_user
1040g0k031jcjeca8ig005o7bl730bo4bbfcjem0!nd_dft_wlteh_webp_3	,	https://www.xiaohongshu.com/explore/68633da60000000013011a94?xsec_token=ABlQzSHP-Wnd4UU36RAgr_mA3VH9UpuOddPdeDmdb0tEY=&xsec_source=pc_user
1040g0k031jtjk2po36005o7bl730bo4brq47fr8!nd_dft_wlteh_webp_3	,	https://www.xiaohongshu.com/explore/6873a659000000001301299e?xsec_token=AB6k10lCqfiy0twOwlRa7V5ke6q2RiRBGsn_aRg3F2wKY=&xsec_source=pc_user
1040g0k031jvt84ug3q005o7bl730bo4bvvqrh50!nd_dft_wlteh_webp_3	,	https://www.xiaohongshu.com/explore/687702b60000000017034b30?xsec_token=ABB_m8-0wal8ocqFg_xNkLXgzlzmCSBxSpVFvjrlrJ2sg=&xsec_source=pc_user
7f8648d40af39bd96e8479cf8b466f1e	,	https://data.stats.gov.cn/ifnormal.htm?u=/files/html/vchart/vchart_002/vchart_002.html&h=730
Screenshot 2026-03-23 175700.png, https://www.jiemian.com/article/10686276.html
Screenshot 2026-03-23 175715.png, https://www.jiemian.com/article/10686276.html
170546046862874300	,	https://www.jiemian.com/article/10686435.html
170545901443237900	,	https://www.jiemian.com/article/10686244.html
170528378375812000	,	https://www.jiemian.com/article/10674907.html
170502612228096200	,	https://www.jiemian.com/article/10666959.html
0046c3c10b4ba716b77435173523f469.png	,	https://fdi.mofcom.gov.cn/resource/pdf/2023/12/19/7a6da9c9fb4b45d69c4dfde4236c3fd9.pdf
071711e991ad5cf0ed26abe97ad9b938.png	,	https://fdi.mofcom.gov.cn/resource/pdf/2023/12/19/7a6da9c9fb4b45d69c4dfde4236c3fd9.pdf
072aa37f22b582ce2999fc9fcaffbe5c.png	,	https://fdi.mofcom.gov.cn/resource/pdf/2023/12/19/7a6da9c9fb4b45d69c4dfde4236c3fd9.pdf
0ca45dda290729985abb916f16086e4b.png	,	https://fdi.mofcom.gov.cn/resource/pdf/2023/12/19/7a6da9c9fb4b45d69c4dfde4236c3fd9.pdf
117ab9953eb560cbd147ba997e0f70b3.png	,	https://fdi.mofcom.gov.cn/resource/pdf/2023/12/19/7a6da9c9fb4b45d69c4dfde4236c3fd9.pdf
4a19f7f8d193509e95e3e603d5cc2f8e.png	,	https://fdi.mofcom.gov.cn/resource/pdf/2023/12/19/7a6da9c9fb4b45d69c4dfde4236c3fd9.pdf
4c0122d7cc670a5adfa04546794702b9.png	,	https://fdi.mofcom.gov.cn/resource/pdf/2023/12/19/7a6da9c9fb4b45d69c4dfde4236c3fd9.pdf
5c671f550e4f9fc7254792e68379373f.png	,	https://fdi.mofcom.gov.cn/resource/pdf/2023/12/19/7a6da9c9fb4b45d69c4dfde4236c3fd9.pdf
5da782ff1e0da7ff9024b296e396c87c.png	,	https://fdi.mofcom.gov.cn/resource/pdf/2023/12/19/7a6da9c9fb4b45d69c4dfde4236c3fd9.pdf
8d1afb8a198a384257df022c9f86961b.png	,	https://fdi.mofcom.gov.cn/resource/pdf/2023/12/19/7a6da9c9fb4b45d69c4dfde4236c3fd9.pdf
91fd08e608c392e931d73c1e01484125.png	,	https://fdi.mofcom.gov.cn/resource/pdf/2023/12/19/7a6da9c9fb4b45d69c4dfde4236c3fd9.pdf
997d6c2613a5b31019f6cf23a0f16baa.png	,	https://fdi.mofcom.gov.cn/resource/pdf/2023/12/19/7a6da9c9fb4b45d69c4dfde4236c3fd9.pdf
aa7c50171fa3e239e55c03dfb3bb0b61.png	,	https://fdi.mofcom.gov.cn/resource/pdf/2023/12/19/7a6da9c9fb4b45d69c4dfde4236c3fd9.pdf
d079ff5b2eda29fb344ff4a325b49a3b.png	,	https://fdi.mofcom.gov.cn/resource/pdf/2023/12/19/7a6da9c9fb4b45d69c4dfde4236c3fd9.pdf
dbdc5876427530082771e65323662304.png	,	https://fdi.mofcom.gov.cn/resource/pdf/2023/12/19/7a6da9c9fb4b45d69c4dfde4236c3fd9.pdf
e1b6a4eb908c0a502d595ea1a3269d7e.png	,	https://fdi.mofcom.gov.cn/resource/pdf/2023/12/19/7a6da9c9fb4b45d69c4dfde4236c3fd9.pdf
f0df92018d75fd86dbbd867420555990.png	,	https://fdi.mofcom.gov.cn/resource/pdf/2023/12/19/7a6da9c9fb4b45d69c4dfde4236c3fd9.pdf
2ce003264092c62b063c47c862d9f297.png	,	https://wms.mofcom.gov.cn/ncp/xiaomai_202503.pdf
61eef3069a1fb83e587553667293f996.png	,	https://wms.mofcom.gov.cn/ncp/xiaomai_202503.pdf
829409dab7ecc9fdcb9723d9d989240f.png	,	https://wms.mofcom.gov.cn/ncp/xiaomai_202503.pdf
16ee0c4c691eed2217306876ba6121bf.png	,	https://wms.mofcom.gov.cn/ncp/li_202412.pdf
7789ae8106e4394115785e100bebbf72.png	,	https://wms.mofcom.gov.cn/ncp/li_202412.pdf
a52d0d9350d9c4856ae7a0874d66c12b.png	,	https://wms.mofcom.gov.cn/ncp/li_202412.pdf
e66f661836e9585d43b141c07c57aeef.png	,	https://wms.mofcom.gov.cn/ncp/li_202412.pdf
014b79a0be07ae600c67f8f76bea439d.png	,	https://thedocs.worldbank.org/en/doc/b62bf19b902b3e9385987ec19a24b2d2-0070012025/original/CEU-June-2025-CN.pdf
023c4c43775728563c98788e5b894684.png	,	https://thedocs.worldbank.org/en/doc/b62bf19b902b3e9385987ec19a24b2d2-0070012025/original/CEU-June-2025-CN.pdf
059353ba23568fdb8a2f394e45c02e09.png	,	https://thedocs.worldbank.org/en/doc/b62bf19b902b3e9385987ec19a24b2d2-0070012025/original/CEU-June-2025-CN.pdf
0bbbc88a074df4cc4eacc3f8a1dad517.png	,	https://thedocs.worldbank.org/en/doc/b62bf19b902b3e9385987ec19a24b2d2-0070012025/original/CEU-June-2025-CN.pdf
107cee11236cccabfe5e93aa05e5963c.png	,	https://thedocs.worldbank.org/en/doc/b62bf19b902b3e9385987ec19a24b2d2-0070012025/original/CEU-June-2025-CN.pdf
12abf033fcf9fb4a80f53b48c6a99231.png	,	https://thedocs.worldbank.org/en/doc/b62bf19b902b3e9385987ec19a24b2d2-0070012025/original/CEU-June-2025-CN.pdf
17b200acd0c25433b9702c2379e5c2ad.png	,	https://thedocs.worldbank.org/en/doc/b62bf19b902b3e9385987ec19a24b2d2-0070012025/original/CEU-June-2025-CN.pdf
17e47586f75f226364df95dac46a2d74.png	,	https://thedocs.worldbank.org/en/doc/b62bf19b902b3e9385987ec19a24b2d2-0070012025/original/CEU-June-2025-CN.pdf
19960d239fb386bed32a5d6e4ff9bac2.png	,	https://thedocs.worldbank.org/en/doc/b62bf19b902b3e9385987ec19a24b2d2-0070012025/original/CEU-June-2025-CN.pdf
2193dc06140c55095cc066e4a15c6a65.png	,	https://thedocs.worldbank.org/en/doc/b62bf19b902b3e9385987ec19a24b2d2-0070012025/original/CEU-June-2025-CN.pdf
2af61986f73feafe8055be2de0a93bc0.png	,	https://thedocs.worldbank.org/en/doc/b62bf19b902b3e9385987ec19a24b2d2-0070012025/original/CEU-June-2025-CN.pdf
2c63fc8e0b31759a0314af45a8ddab6e.png	,	https://thedocs.worldbank.org/en/doc/b62bf19b902b3e9385987ec19a24b2d2-0070012025/original/CEU-June-2025-CN.pdf
2e9b2b4303750a58b819a19b4335929f.png	,	https://thedocs.worldbank.org/en/doc/b62bf19b902b3e9385987ec19a24b2d2-0070012025/original/CEU-June-2025-CN.pdf
33e5539ddc5a1fe28da1705ab93fe4aa.png	,	https://thedocs.worldbank.org/en/doc/b62bf19b902b3e9385987ec19a24b2d2-0070012025/original/CEU-June-2025-CN.pdf
34ac67f42c038387a260be8458e43ac2.png	,	https://thedocs.worldbank.org/en/doc/b62bf19b902b3e9385987ec19a24b2d2-0070012025/original/CEU-June-2025-CN.pdf
39f5831ecea3a7643f028b19a1b9f176.png	,	https://thedocs.worldbank.org/en/doc/b62bf19b902b3e9385987ec19a24b2d2-0070012025/original/CEU-June-2025-CN.pdf
42a83f3e0a28762a0debbd0a72da22f7.png	,	https://thedocs.worldbank.org/en/doc/b62bf19b902b3e9385987ec19a24b2d2-0070012025/original/CEU-June-2025-CN.pdf
4449ec034f2619b5dc06d310fe27159c.png	,	https://thedocs.worldbank.org/en/doc/b62bf19b902b3e9385987ec19a24b2d2-0070012025/original/CEU-June-2025-CN.pdf
45f0e45fa2a111129abba78e098811f3.png	,	https://thedocs.worldbank.org/en/doc/b62bf19b902b3e9385987ec19a24b2d2-0070012025/original/CEU-June-2025-CN.pdf
473c9acfd2f1426224aaf2750fe32213.png	,	https://thedocs.worldbank.org/en/doc/b62bf19b902b3e9385987ec19a24b2d2-0070012025/original/CEU-June-2025-CN.pdf
48773e8ae3eab8dfc829b4e3876c5845.png	,	https://thedocs.worldbank.org/en/doc/b62bf19b902b3e9385987ec19a24b2d2-0070012025/original/CEU-June-2025-CN.pdf
4be06c9c133a2fa50a26371fa1b69542.png	,	https://thedocs.worldbank.org/en/doc/b62bf19b902b3e9385987ec19a24b2d2-0070012025/original/CEU-June-2025-CN.pdf
4ccb8704c6469366a7514cf49a3fc247.png	,	https://thedocs.worldbank.org/en/doc/b62bf19b902b3e9385987ec19a24b2d2-0070012025/original/CEU-June-2025-CN.pdf
5b26cdde638c851fccf837c7cf6324a6.png	,	https://thedocs.worldbank.org/en/doc/b62bf19b902b3e9385987ec19a24b2d2-0070012025/original/CEU-June-2025-CN.pdf
60547c34cc3c019f38fbc4f368b530c8.png	,	https://thedocs.worldbank.org/en/doc/b62bf19b902b3e9385987ec19a24b2d2-0070012025/original/CEU-June-2025-CN.pdf
617e6584ccbf8949050e62aa81de51bc.png	,	https://thedocs.worldbank.org/en/doc/b62bf19b902b3e9385987ec19a24b2d2-0070012025/original/CEU-June-2025-CN.pdf
641ed91f3c1379a85b2587edf6c1a7a2.png	,	https://thedocs.worldbank.org/en/doc/b62bf19b902b3e9385987ec19a24b2d2-0070012025/original/CEU-June-2025-CN.pdf
64deae1fc1fa7911592fdbbcb10ba9bb.png	,	https://thedocs.worldbank.org/en/doc/b62bf19b902b3e9385987ec19a24b2d2-0070012025/original/CEU-June-2025-CN.pdf
68a9ead3939c55962e7a2315e4336398.png	,	https://thedocs.worldbank.org/en/doc/b62bf19b902b3e9385987ec19a24b2d2-0070012025/original/CEU-June-2025-CN.pdf
69342c2385255f8b240fd66e03a745c8.png	,	https://thedocs.worldbank.org/en/doc/b62bf19b902b3e9385987ec19a24b2d2-0070012025/original/CEU-June-2025-CN.pdf
6ee618eebee2f5e85e1e82926c58f57a.png	,	https://thedocs.worldbank.org/en/doc/b62bf19b902b3e9385987ec19a24b2d2-0070012025/original/CEU-June-2025-CN.pdf
6f2fd0498eea5a48daa0f34f751f4ac4.png	,	https://thedocs.worldbank.org/en/doc/b62bf19b902b3e9385987ec19a24b2d2-0070012025/original/CEU-June-2025-CN.pdf
7629bf2f83ceade1eb5c163dee55da02.png	,	https://thedocs.worldbank.org/en/doc/b62bf19b902b3e9385987ec19a24b2d2-0070012025/original/CEU-June-2025-CN.pdf
77ee66f3bddf1ad90a900d9872876f0e.png	,	https://thedocs.worldbank.org/en/doc/b62bf19b902b3e9385987ec19a24b2d2-0070012025/original/CEU-June-2025-CN.pdf
792704a8adc3192e888f8b6a253dadac.png	,	https://thedocs.worldbank.org/en/doc/b62bf19b902b3e9385987ec19a24b2d2-0070012025/original/CEU-June-2025-CN.pdf
79dcc1f8c8371e7cf7a240003ee9f5b4.png	,	https://thedocs.worldbank.org/en/doc/b62bf19b902b3e9385987ec19a24b2d2-0070012025/original/CEU-June-2025-CN.pdf
7c2510ba5e6fba4404a3f3b8ffffa9bf.png	,	https://thedocs.worldbank.org/en/doc/b62bf19b902b3e9385987ec19a24b2d2-0070012025/original/CEU-June-2025-CN.pdf
8049ea10fdcb5b9ed89bc1491b5e0e3f.png	,	https://thedocs.worldbank.org/en/doc/b62bf19b902b3e9385987ec19a24b2d2-0070012025/original/CEU-June-2025-CN.pdf
882f974ed8bf8e5a58485b42fef80b3a.png	,	https://thedocs.worldbank.org/en/doc/b62bf19b902b3e9385987ec19a24b2d2-0070012025/original/CEU-June-2025-CN.pdf
8e44b3223eb740438f814e0aacc5a4ae.png	,	https://thedocs.worldbank.org/en/doc/b62bf19b902b3e9385987ec19a24b2d2-0070012025/original/CEU-June-2025-CN.pdf
a1bdf917788c587c9fb99054c992cb3c.png	,	https://thedocs.worldbank.org/en/doc/b62bf19b902b3e9385987ec19a24b2d2-0070012025/original/CEU-June-2025-CN.pdf
a5da8b06dd2f3dc99acc4b2c50aca2b1.png	,	https://thedocs.worldbank.org/en/doc/b62bf19b902b3e9385987ec19a24b2d2-0070012025/original/CEU-June-2025-CN.pdf
aade1f81d945054fea3ef1acaba61e41.png	,	https://thedocs.worldbank.org/en/doc/b62bf19b902b3e9385987ec19a24b2d2-0070012025/original/CEU-June-2025-CN.pdf
b0caf9d07131904f4a37c1ad88316813.png	,	https://thedocs.worldbank.org/en/doc/b62bf19b902b3e9385987ec19a24b2d2-0070012025/original/CEU-June-2025-CN.pdf
b2eb4586b1eb5e1aaa85d4d72c6719ac.png	,	https://thedocs.worldbank.org/en/doc/b62bf19b902b3e9385987ec19a24b2d2-0070012025/original/CEU-June-2025-CN.pdf
bd3e476358fa6e8e623ec0b49909c6c7.png	,	https://thedocs.worldbank.org/en/doc/b62bf19b902b3e9385987ec19a24b2d2-0070012025/original/CEU-June-2025-CN.pdf
bd93f050c12139bf785941f464d9b5e9.png	,	https://thedocs.worldbank.org/en/doc/b62bf19b902b3e9385987ec19a24b2d2-0070012025/original/CEU-June-2025-CN.pdf
c7573644e2232852217d6174915c011c.png	,	https://thedocs.worldbank.org/en/doc/b62bf19b902b3e9385987ec19a24b2d2-0070012025/original/CEU-June-2025-CN.pdf
c7fda04de55bfc28241eecd6678b72a2.png	,	https://thedocs.worldbank.org/en/doc/b62bf19b902b3e9385987ec19a24b2d2-0070012025/original/CEU-June-2025-CN.pdf
c828dc0fd6592a6e10c846cbc5cb357e.png	,	https://thedocs.worldbank.org/en/doc/b62bf19b902b3e9385987ec19a24b2d2-0070012025/original/CEU-June-2025-CN.pdf
cbb31e0cbb99892bf1887e448ec33b7e.png	,	https://thedocs.worldbank.org/en/doc/b62bf19b902b3e9385987ec19a24b2d2-0070012025/original/CEU-June-2025-CN.pdf
d0f35137e39a31bddf35a295a7616688.png	,	https://thedocs.worldbank.org/en/doc/b62bf19b902b3e9385987ec19a24b2d2-0070012025/original/CEU-June-2025-CN.pdf
daaa17799ffcea117319f30c7fcb049c.png	,	https://thedocs.worldbank.org/en/doc/b62bf19b902b3e9385987ec19a24b2d2-0070012025/original/CEU-June-2025-CN.pdf
df30a0875d8b6c7018de35b6b647ce0d.png	,	https://thedocs.worldbank.org/en/doc/b62bf19b902b3e9385987ec19a24b2d2-0070012025/original/CEU-June-2025-CN.pdf
e961c77bf64ce7ef7856773f56da3567.png	,	https://thedocs.worldbank.org/en/doc/b62bf19b902b3e9385987ec19a24b2d2-0070012025/original/CEU-June-2025-CN.pdf
e99b4b9ee056e49d2cfd54249692f887.png	,	https://thedocs.worldbank.org/en/doc/b62bf19b902b3e9385987ec19a24b2d2-0070012025/original/CEU-June-2025-CN.pdf
ea51ef8ff515dad7f41584d482b47d54.png	,	https://thedocs.worldbank.org/en/doc/b62bf19b902b3e9385987ec19a24b2d2-0070012025/original/CEU-June-2025-CN.pdf
f23c864aecd4663953a1b50bb554e30a.png	,	https://thedocs.worldbank.org/en/doc/b62bf19b902b3e9385987ec19a24b2d2-0070012025/original/CEU-June-2025-CN.pdf
f8871a394bffa82e2ed60642966f3494.png	,	https://thedocs.worldbank.org/en/doc/b62bf19b902b3e9385987ec19a24b2d2-0070012025/original/CEU-June-2025-CN.pdf
fb58dde0c3c77b3dc84aec40080641f1.png	,	https://thedocs.worldbank.org/en/doc/b62bf19b902b3e9385987ec19a24b2d2-0070012025/original/CEU-June-2025-CN.pdf
ff87fcbe81d27d0c13ed5168371e2fb8.png	,	https://thedocs.worldbank.org/en/doc/b62bf19b902b3e9385987ec19a24b2d2-0070012025/original/CEU-June-2025-CN.pdf
5ffb44c9a9d96de3c7cb8e7f92227f48.png	,	https://www.pwccn.com/zh/issues-based/esg/china-new-consumer-cities-development-insight-report-apr2024.pdf
b05057433110e1497e6825f9e9338e07.png	,	https://www.pwccn.com/zh/issues-based/esg/china-new-consumer-cities-development-insight-report-apr2024.pdf
be17f6e5166e7794219a9c6cc699ae64.png	,	https://www.pwccn.com/zh/issues-based/esg/china-new-consumer-cities-development-insight-report-apr2024.pdf
cb016624524016436aea68c320b40092.png	,	https://www.pwccn.com/zh/issues-based/esg/china-new-consumer-cities-development-insight-report-apr2024.pdf
0263253d7d333f34d00b3d69420ba545.png	,	https://www.amchamchina.org/wp-content/uploads/2022/03/AmCham-China-2022-China-Business-Climate-Survey-Report.pdf
08ea663cab58d029171d8c63fc6b8b49.png	,	https://www.amchamchina.org/wp-content/uploads/2022/03/AmCham-China-2022-China-Business-Climate-Survey-Report.pdf
1676da5bce8f2ba31ed60c6366051e61.png	,	https://www.amchamchina.org/wp-content/uploads/2022/03/AmCham-China-2022-China-Business-Climate-Survey-Report.pdf
1beb1be55f12bf106598cb9f37959424.png	,	https://www.amchamchina.org/wp-content/uploads/2022/03/AmCham-China-2022-China-Business-Climate-Survey-Report.pdf
214b48ee3c04f54575fe19d13fbf90ce.png	,	https://www.amchamchina.org/wp-content/uploads/2022/03/AmCham-China-2022-China-Business-Climate-Survey-Report.pdf
2b6fbdaf199d67b93d2721a762226733.png	,	https://www.amchamchina.org/wp-content/uploads/2022/03/AmCham-China-2022-China-Business-Climate-Survey-Report.pdf
30c52daa7c770aef7eed7672f7b1563d.png	,	https://www.amchamchina.org/wp-content/uploads/2022/03/AmCham-China-2022-China-Business-Climate-Survey-Report.pdf
31f0333574f69e3ca6e2738176028dee.png	,	https://www.amchamchina.org/wp-content/uploads/2022/03/AmCham-China-2022-China-Business-Climate-Survey-Report.pdf
3abbad18de38ce65d3212782e9d88375.png	,	https://www.amchamchina.org/wp-content/uploads/2022/03/AmCham-China-2022-China-Business-Climate-Survey-Report.pdf
4510b6cfb898c0ec2065a2c6342b6c8d.png	,	https://www.amchamchina.org/wp-content/uploads/2022/03/AmCham-China-2022-China-Business-Climate-Survey-Report.pdf
4798cdf564ac45cdf39b80d60322e263.png	,	https://www.amchamchina.org/wp-content/uploads/2022/03/AmCham-China-2022-China-Business-Climate-Survey-Report.pdf
4e561ea93319d4a3d25d639f8a45b3dc.png	,	https://www.amchamchina.org/wp-content/uploads/2022/03/AmCham-China-2022-China-Business-Climate-Survey-Report.pdf
5094d9b4605b86ca4de0bd3d67153f74.png	,	https://www.amchamchina.org/wp-content/uploads/2022/03/AmCham-China-2022-China-Business-Climate-Survey-Report.pdf
5be20fd725b35f5a59488fde6cb9cc5a.png	,	https://www.amchamchina.org/wp-content/uploads/2022/03/AmCham-China-2022-China-Business-Climate-Survey-Report.pdf
615f04e710fb7c54978b891ecbfd8930.png	,	https://www.amchamchina.org/wp-content/uploads/2022/03/AmCham-China-2022-China-Business-Climate-Survey-Report.pdf
655f4accd7934ee1b0e03f6ea05c5e05.png	,	https://www.amchamchina.org/wp-content/uploads/2022/03/AmCham-China-2022-China-Business-Climate-Survey-Report.pdf
7a1ad4f021f44eb8a85b747c429dafc4.png	,	https://www.amchamchina.org/wp-content/uploads/2022/03/AmCham-China-2022-China-Business-Climate-Survey-Report.pdf
7afc51a8edc5a7630323c04361376351.png	,	https://www.amchamchina.org/wp-content/uploads/2022/03/AmCham-China-2022-China-Business-Climate-Survey-Report.pdf
7d290adb8346c3a5d4a8dfdca12dcd9c.png	,	https://www.amchamchina.org/wp-content/uploads/2022/03/AmCham-China-2022-China-Business-Climate-Survey-Report.pdf
8288d464a3b1906d1822faed067fe43b.png	,	https://www.amchamchina.org/wp-content/uploads/2022/03/AmCham-China-2022-China-Business-Climate-Survey-Report.pdf
8eb74e16a3c307d2e9cd1f66277cb4fe.png	,	https://www.amchamchina.org/wp-content/uploads/2022/03/AmCham-China-2022-China-Business-Climate-Survey-Report.pdf
ad355ab3db76c47511e0545045103619.png	,	https://www.amchamchina.org/wp-content/uploads/2022/03/AmCham-China-2022-China-Business-Climate-Survey-Report.pdf
b688e355cb2601ce044777f710825111.png	,	https://www.amchamchina.org/wp-content/uploads/2022/03/AmCham-China-2022-China-Business-Climate-Survey-Report.pdf
c6ce9b1a21e1a34dc9e10f2871644f6a.png	,	https://www.amchamchina.org/wp-content/uploads/2022/03/AmCham-China-2022-China-Business-Climate-Survey-Report.pdf
c92e2ceb9686257f7b9bfa608e05977c.png	,	https://www.amchamchina.org/wp-content/uploads/2022/03/AmCham-China-2022-China-Business-Climate-Survey-Report.pdf
ce989f164835bc03b2007d13dd8f8ee2.png	,	https://www.amchamchina.org/wp-content/uploads/2022/03/AmCham-China-2022-China-Business-Climate-Survey-Report.pdf
d3586aa40689291be19e1ad40a456429.png	,	https://www.amchamchina.org/wp-content/uploads/2022/03/AmCham-China-2022-China-Business-Climate-Survey-Report.pdf
db171bc53d5d40aa88ed8cbf13411035.png	,	https://www.amchamchina.org/wp-content/uploads/2022/03/AmCham-China-2022-China-Business-Climate-Survey-Report.pdf
dc3f62965d8980e7aaa0792920a3055a.png	,	https://www.amchamchina.org/wp-content/uploads/2022/03/AmCham-China-2022-China-Business-Climate-Survey-Report.pdf
f389f8b244a557cdbb1f0afd31520be3.png	,	https://www.amchamchina.org/wp-content/uploads/2022/03/AmCham-China-2022-China-Business-Climate-Survey-Report.pdf
f52864a71186255e55f8f8a34bdc236c.png	,	https://www.amchamchina.org/wp-content/uploads/2022/03/AmCham-China-2022-China-Business-Climate-Survey-Report.pdf
ffc6b667b0c8942502d66e1bbe1ee6ae.png	,	https://www.amchamchina.org/wp-content/uploads/2022/03/AmCham-China-2022-China-Business-Climate-Survey-Report.pdf
2e4881ab2fcbc7ff9b0fc3748a1c5a59.png	,	https://data.newrank.cn/report/data/pdf/seo/%E5%B0%8F%E7%BA%A2%E4%B9%A6%E7%83%AD%E7%82%B9%E8%B6%8B%E5%8A%BF%E6%8A%A5%E5%91%8A-9%E6%9C%88%E4%B8%8A%E6%97%AC.pdf
58135f2c34b044e4511143dedd7df90d.png	,	https://data.newrank.cn/report/data/pdf/seo/%E5%B0%8F%E7%BA%A2%E4%B9%A6%E7%83%AD%E7%82%B9%E8%B6%8B%E5%8A%BF%E6%8A%A5%E5%91%8A-9%E6%9C%88%E4%B8%8A%E6%97%AC.pdf
5bb9160c260f8c5f31d9a48a619d42df.png	,	https://data.newrank.cn/report/data/pdf/seo/%E5%B0%8F%E7%BA%A2%E4%B9%A6%E7%83%AD%E7%82%B9%E8%B6%8B%E5%8A%BF%E6%8A%A5%E5%91%8A-9%E6%9C%88%E4%B8%8A%E6%97%AC.pdf
9256e7c929fdb66b6ae3c5ed622c5a3f.png	,	https://data.newrank.cn/report/data/pdf/seo/%E5%B0%8F%E7%BA%A2%E4%B9%A6%E7%83%AD%E7%82%B9%E8%B6%8B%E5%8A%BF%E6%8A%A5%E5%91%8A-9%E6%9C%88%E4%B8%8A%E6%97%AC.pdf
943042f7567f93947b1150659ab97549.png	,	https://data.newrank.cn/report/data/pdf/seo/%E5%B0%8F%E7%BA%A2%E4%B9%A6%E7%83%AD%E7%82%B9%E8%B6%8B%E5%8A%BF%E6%8A%A5%E5%91%8A-9%E6%9C%88%E4%B8%8A%E6%97%AC.pdf
d63d88b364cde3d3fdce19987902a63b.png	,	https://data.newrank.cn/report/data/pdf/seo/%E5%B0%8F%E7%BA%A2%E4%B9%A6%E7%83%AD%E7%82%B9%E8%B6%8B%E5%8A%BF%E6%8A%A5%E5%91%8A-9%E6%9C%88%E4%B8%8A%E6%97%AC.pdf
e45b95fd6b0fe9ef9baa2ec2a6d1b42e.png	,	https://data.newrank.cn/report/data/pdf/seo/%E5%B0%8F%E7%BA%A2%E4%B9%A6%E7%83%AD%E7%82%B9%E8%B6%8B%E5%8A%BF%E6%8A%A5%E5%91%8A-9%E6%9C%88%E4%B8%8A%E6%97%AC.pdf
1040g0k031pvtr5k8n4005o7bl730bo4bocqcpug!nd_dft_wlteh_webp_3.webp	,	https://www.xiaohongshu.com/explore/693ba2f9000000000d03d995?xsec_token=ABaXWwqYEMIs2ASIdPWF8htcTvB0B9QJ2Oqha-Frjf8Go=&xsec_source=pc_user
1040g34o31of2s0ud4s0g5o7bl730bo4bsrs2f4g!nd_dft_wlteh_webp_3.webp	,	https://www.xiaohongshu.com/explore/69093e17000000000703afc7?xsec_token=AB0b2RC9WFIjnb1CWtO2HjlXSo383RQQTtoddBXhxI6gc=&xsec_source=pc_user
1040g0k031nrkb5jd50005o7bl730bo4b0kisn18!nd_dft_wlteh_webp_3.webp	,	https://www.xiaohongshu.com/explore/68f5b34b0000000003011e9e?xsec_token=ABA3gVtRqrlhR9vdWD31HgtYO5DpF8DmF6qlkaV4VPAnA=&xsec_source=pc_user
1040g0k031mi7uuii52005o7bl730bo4bbngotr8!nd_dft_wlteh_webp_3.webp	,	https://www.xiaohongshu.com/explore/68cb51e90000000014009285?xsec_token=ABJH1f2sN95PGZz6d2xAwzSkZJkXzq7CQY-VEgMQupLVY=&xsec_source=pc_user
1040g34o31nnh4bpbl2105o7bl730bo4b5dal298!nd_dft_wlteh_webp_3.webp	,	https://www.xiaohongshu.com/explore/68f18099000000000301e7b0?xsec_token=ABspo3NJbAgeL3X8bY2VE4ILIwa5iyjcx7Rqq5V4nYyk4=&xsec_source=pc_user
1040g34o31m8gncpol0005o7bl730bo4bpekjec8!nd_dft_wlteh_webp_3.webp	,	https://www.xiaohongshu.com/explore/68c15c42000000001d03b7c7?xsec_token=ABD5583DQVrtDcAbczcZJsrjqUAd1WF9RDHV4Im7MG3Do=&xsec_source=pc_user
1040g34o31m4iln3i4s105o7bl730bo4brksgvh8!nd_dft_wlteh_webp_3.webp	,	https://www.xiaohongshu.com/explore/68bd53a6000000001d026cf8?xsec_token=ABIXL-FI2H-xxq_65uL_szj_1yMOJvY5EeXai0P9ZkN0Y=&xsec_source=pc_user
1040g0k031m1puustkq0g5o7bl730bo4bpaiinu8!nd_dft_wlteh_webp_3.webp	,	https://www.xiaohongshu.com/explore/68ba7d19000000001d026981?xsec_token=ABC5nvvsZzOZVRgNwEay7WIduMDTqOixoDU46Mt839a8s=&xsec_source=pc_user
1040g34o31m3dpkqaku105o7bl730bo4bb58ht20!nd_dft_wlteh_webp_3.webp	,	https://www.xiaohongshu.com/explore/68bc2591000000001d02c26e?xsec_token=AB3w3hfIcOnn2vozbdt8Jnk5pOyHOtzE0y6r3Ykg2kbFI=&xsec_source=pc_user
1040g0k031m0q1rmpl2005o7bl730bo4biq90r3o!nd_dft_wlteh_webp_3.webp	,	https://www.xiaohongshu.com/explore/68b97795000000001d03b160?xsec_token=AB_nAz1QlbiZMYwsmkLsYmzf1fBDD8iiSJO209zHR6on0=&xsec_source=pc_user
1040g34o31lu6unsql2105o7bl730bo4becdou58!nd_dft_wlteh_webp_3.webp	,	https://www.xiaohongshu.com/explore/68b6cec7000000001d03602a?xsec_token=ABFpoTbwF3YSr6DKEbfaqP2RIEi6vD24iio4ntP0qCUvY=&xsec_source=pc_user
1040g34o31ln5jnvt4s105o7bl730bo4bfaekdgo!nd_dft_wlteh_webp_3.webp	,	https://www.xiaohongshu.com/explore/68af98c5000000001d023a10?xsec_token=ABrauB3cPSKcQ4LxlN7f7_zP9yvuBF3LU-Ltki8Z1W34U=&xsec_source=pc_user
1040g0k031m591b0e4q005o7bl730bo4bakpurl8!nd_dft_wlteh_webp_3.webp	,	https://www.xiaohongshu.com/explore/68b39c79000000001d02ee5b?xsec_token=ABz87bvOY62gxGM1PqsE9sS4Gy-FK9MS2rgbt0t_tcH-g=&xsec_source=pc_user
1040g34o31lik6ff850105o7bl730bo4bf14n48o!nd_dft_wlteh_webp_3.webp	,	https://www.xiaohongshu.com/explore/68aaf1ad000000001d034428?xsec_token=ABvuniJvCibsLie0YX_BXAjjKSxQnUm6eX9ZhwQzJn0HA=&xsec_source=pc_user
1040g0k031lcrhhdr4q005o7bl730bo4bttr1fqg!nd_dft_wlteh_webp_3.webp	,	https://www.xiaohongshu.com/explore/68a508d7000000001d0278c3?xsec_token=AB_ZgorM2DwHlRbu8OaGi55AqcUWi6gf3joO8juiKlWps=&xsec_source=pc_user
1040g34o31lacdqjm50105o7bl730bo4b1lik1so!nc_n_webp_mw_1.webp	,	https://www.xiaohongshu.com/explore/68a280c0000000001c00ac51?xsec_token=ABWKgPXso-QK0yvMZXRAObU7f6Hx1qchjNUb8fCbPZcwQ=&xsec_source=pc_user
1040g0k031l937najl0005o7bl730bo4b9q3mpc8!nc_n_webp_mw_1.webp	,	https://www.xiaohongshu.com/explore/68a12f5b000000001d01dd78?xsec_token=AB04_cfDMzZ7PwWbMkE8Pm9JiC7k7-b88umEViKkVbmSU=&xsec_source=pc_user
1040g34o31l73druvkq105o7bl730bo4b1pc18a8!nd_dft_wlteh_webp_3.webp	,	https://www.xiaohongshu.com/explore/689f24a7000000001d025a93?xsec_token=ABrlQferEso-OqPTygKElNq8PeNT-z2VhpujrpRu1njIM=&xsec_source=pc_user
1040g0k031koqh1k02g005o7bl730bo4blfk1ad8!nd_dft_wlteh_webp_3.webp	,	https://www.xiaohongshu.com/explore/689091cc0000000004002600?xsec_token=AB5JFdbgFuprYQwPUOneudzXAsgxgaHA0hWKJ3599VxuA=&xsec_source=pc_user
1040g0k031klotc9448005o7bl730bo4b0qumr08!nd_dft_wlteh_webp_3.webp	,	https://www.xiaohongshu.com/explore/688d685c000000000403d797?xsec_token=ABjOEDOGh9xokN3gbpvU7Wpze3UMFfuz15gW3NUfZURWw=&xsec_source=pc_user
1040g0k031klp7ona2g005o7bl730bo4b42hub20!nd_dft_wlteh_webp_3.webp	,	https://www.xiaohongshu.com/explore/688d69ee0000000004001b60?xsec_token=ABjOEDOGh9xokN3gbpvU7Wp1qrPIPRqlrl7MwykGQH2us=&xsec_source=pc_user
1040g0k031kn888e52a005o7bl730bo4bc72a68o!nd_dft_wlteh_webp_3.webp	,	https://www.xiaohongshu.com/explore/688f26a00000000005007f80?xsec_token=ABUDBfSz0txSxGEligPQY7908G28EHC4-vmM8lQr8evKo=&xsec_source=pc_user
1040g34o31ke4camaj6105o7bl730bo4bl9vjnvo!nd_dft_wlteh_webp_3.webp	,	https://www.xiaohongshu.com/explore/688594520000000012031356?xsec_token=ABvKguyVWyfvdGuiH-y6jDtmAe7j7qDJxUAUFpvpdARow=&xsec_source=pc_user
1040g34o31jnf4i1p2i105o7bl730bo4bpqcf4l8!nd_dft_wlteh_webp_3.webp	,	https://www.xiaohongshu.com/explore/686e5ecf000000001203f176?xsec_token=ABguIv9cy1sSfnX3GFDZUh5cqJiLzmb8-vAvlhbn1Unp4=&xsec_source=pc_user
1040g0k031jcgm9ik36005o7bl730bo4bb2fsu8g!nd_dft_wlteh_webp_3.webp	,	https://www.xiaohongshu.com/explore/6863270900000000170328c6?xsec_token=ABlQzSHP-Wnd4UU36RAgr_mMU5nA_9hdevbaEA-fnebsQ=&xsec_source=pc_user
全球主要电力生产国对比_1_老十七的图表库_来自小红书网页版.jpg	,	https://www.xiaohongshu.com/explore/6840f5110000000023001845?xsec_token=AB-p8B8OKno-BG2a1VA7fWqsQdd4ESWPTKY7M-kBgQ7wQ=&xsec_source=pc_user
1040g0k031ibn0fn0nm005o7bl730bo4bq734dn0!nd_dft_wlteh_webp_3.webp	,	https://www.xiaohongshu.com/explore/68419059000000002300d902?xsec_token=ABK-DQJOihgv-Pt3oGJqeHVhlNRUAEgP1C59ZGcFrvrhU=&xsec_source=pc_user
中国年末总人口分城乡对比_1_老十七的图表库_来自小红书网页版.jpg	,	https://www.xiaohongshu.com/explore/6840f47a0000000022028739?xsec_token=AB-p8B8OKno-BG2a1VA7fWqjfz9D7WnOs0QU1zeerWheM=&xsec_source=pc_user
中国年末总人口分性别对比_1_老十七的图表库_来自小红书网页版.jpg	,	https://www.xiaohongshu.com/explore/6840f3ff000000002300131e?xsec_token=AB-p8B8OKno-BG2a1VA7fWqld7NIPVp4rskH-BJMkpwEU=&xsec_source=pc_user
1040g34o31ib45olu6q0g5o7bl730bo4bo0c7qc8!nd_dft_wlteh_webp_3.webp	,	https://www.xiaohongshu.com/explore/6840f57f000000002202c689?xsec_token=AB-p8B8OKno-BG2a1VA7fWqmRWFIWYBkiDxF2NP3rHEA4=&xsec_source=pc_user
Screenshot 2026-03-23 181208.png,	https://www.jiemian.com/article/10686481.html
Screenshot 2026-03-23 181216.png,	https://www.jiemian.com/article/10686481.html
Screenshot 2026-03-23 181223.png,	https://www.jiemian.com/article/10686481.html
Screenshot 2026-03-23 181229.png,	https://www.jiemian.com/article/10686481.html
Screenshot 2026-03-23 181851.png,	https://www.jiemian.com/article/10495617.html
Screenshot 2026-03-23 181917.png,	https://www.jiemian.com/article/10495617.html
Screenshot 2026-03-23 181923.png,	https://www.jiemian.com/article/10495617.html
Screenshot 2026-03-23 181928.png,	https://www.jiemian.com/article/10495617.html
Screenshot 2026-03-23 182039.png,	https://www.jiemian.com/article/10540623.html
Screenshot 2026-03-23 182050.png,	https://www.jiemian.com/article/10540623.html
Screenshot 2026-03-23 182057.png,	https://www.jiemian.com/article/10540623.html
Screenshot 2026-03-23 182259.png,	https://www.jiemian.com/article/10584616.html
Screenshot 2026-03-23 182305.png,	https://www.jiemian.com/article/10584616.html
Screenshot 2026-03-23 182311.png,	https://www.jiemian.com/article/10584616.html
Screenshot 2026-03-23 182317.png,	https://www.jiemian.com/article/10584616.html
Screenshot 2026-03-23 182324.png,	https://www.jiemian.com/article/10584616.html
Screenshot 2026-03-23 182330.png,	https://www.jiemian.com/article/10584616.html
Screenshot 2026-03-23 182342.png,	https://www.jiemian.com/article/10584616.html
Screenshot 2026-03-23 182445.png,	https://www.jiemian.com/article/10612647.html
Screenshot 2026-03-23 182450.png,	https://www.jiemian.com/article/10612647.html
Screenshot 2026-03-23 182504.png,	https://www.jiemian.com/article/10612647.html
Screenshot 2026-03-23 182601.png,	https://www.jiemian.com/article/10647412.html
Screenshot 2026-03-23 182607.png,	https://www.jiemian.com/article/10647412.html
Screenshot 2026-03-23 182616.png,	https://www.jiemian.com/article/10647412.html
Screenshot 2026-03-23 182624.png,	https://www.jiemian.com/article/10647412.html
Screenshot 2026-03-23 182631.png,	https://www.jiemian.com/article/10647412.html
Screenshot 2026-03-23 182717.png,	https://www.jiemian.com/article/10673094.html
Screenshot 2026-03-23 182723.png,	https://www.jiemian.com/article/10673094.html
Screenshot 2026-03-23 182728.png,	https://www.jiemian.com/article/10673094.html
Screenshot 2026-03-23 182735.png,	https://www.jiemian.com/article/10673094.html
Screenshot 2026-03-23 182740.png,	https://www.jiemian.com/article/10673094.html
Screenshot 2026-03-23 182849.png,	https://www.jiemian.com/article/10686188.html
Screenshot 2026-03-23 182857.png,	https://www.jiemian.com/article/10686188.html
Screenshot 2026-03-24 210511.png,	https://quote.eastmoney.com/sz300464.html
Screenshot 2026-03-24 210521.png,	https://quote.eastmoney.com/sz300464.html
