Image,	URL
878b0f4d7165b1a998d26f5ea5d261c7,	https://www-genesis.destatis.de/datenbank/online/statistic/41323/table/41323-0001/chart/pie#chartFilter=JTdCJTIyZGlhZ3JhbVR5cGUlMjIlM0ElMjJwaWUlMjIlMkMlMjJjb250ZW50JTIyJTNBJTIyRUlFMDAyJTI0UU1VJTIyJTJDJTIyeEF4aXNWYXJpYWJsZXMlMjIlM0ElNUIlMjJITFRGTTElMjIlNUQlMkMlMjJ4QXhpc1ZhcmlhYmxlVmFsdWVzJTIyJTNBJTVCJTIySEFMVC1CT0RFTi0wMSUyMiUyQyUyMkhBTFQtRlJFSUwtMDElMjIlMkMlMjJIQUxULUtMR1ItMDElMjIlMkMlMjJFUlotT0VLT0wtMDElMjIlNUQlMkMlMjJ0YWJsZUNvZGUlMjIlM0ElMjI0MTMyMy0wMDAxJTIyJTJDJTIyY3VydmVzR3JvdXBzJTIyJTNBJTVCJTdCJTIyY3VydmVzJTIyJTNBJTVCJTdCJTIyY29sb3IlMjIlM0ElMjJibGFjayUyMiUyQyUyMnZpc2libGUlMjIlM0F0cnVlJTJDJTIyZGF0YVNwZWNpZmljYXRpb24lMjIlM0ElN0IlMjJjdXJyZW50TWFpblZhcmlhYmxlJTIyJTNBJTIySExURk0xJTIyJTJDJTIyY3VycmVudE1haW5WYXJpYWJsZVZhbHVlcyUyMiUzQSU1QiUyMkhBTFQtQk9ERU4tMDElMjIlMkMlMjJIQUxULUZSRUlMLTAxJTIyJTJDJTIySEFMVC1LTEdSLTAxJTIyJTJDJTIyRVJaLU9FS09MLTAxJTIyJTVEJTJDJTIyc2VsZWN0ZWRWYXJpYWJsZXNWYWx1ZXMlMjIlM0ElN0IlMjJIRU5HSzElMjIlM0ElMjJIUEwtRDEtRDMlMjIlMkMlMjJKQUhSJTIyJTNBJTIyMjAxNSUyMiU3RCU3RCU3RCU1RCUyQyUyMmN1YmUlMjIlM0ElMjJEU18wMDMlMjIlMkMlMjJmaXhlZFZhcmlhYmxlc1ZhbHVlcyUyMiUzQSU3QiUyMnN0YXRpc3RpYyUyMiUzQSUyMjQxMzIzJTIyJTJDJTIyRElOU0clMjIlM0ElMjJERyUyMiU3RCU3RCU1RCU3RA==
2a74c7be7f09dca3d6b4c19cb0e820d5,	https://www-genesis.destatis.de/datenbank/online/statistic/41323/table/41323-0001/chart/line
7aa3f4a860f4a4f383961932b52b3a99,	https://www.dashboard-deutschland.de/
231d1592b91383fe8384d9f80c29524f,	https://www.dashboard-deutschland.de/
1770b5323ce6b08579ec211de9a028ac,	https://www.dashboard-deutschland.de/
3987d3fdd6e9399ae3ed9458f75a72d1,	https://www.dashboard-deutschland.de/
a0e87850c9cd4951f979557b3e03fd4d,	https://www.dashboard-deutschland.de/
a69740154268bd54e656b002109ec513,	https://www.dashboard-deutschland.de/
c3377813f10753b3df9d2a8103a31d9a,	https://www.dashboard-deutschland.de/
ce3b0a9731f8518355f8bf546fccc228,	https://www.dashboard-deutschland.de/
d23708c219ea449005a9f5b525a930c6,	https://www.dashboard-deutschland.de/
4e1fcb0d326066782088d4b3f704b55c,	https://www.dashboard-deutschland.de/arbeitsmarkt/arbeitsmarkt
0dc36002f93187b0fa024547b9985da7,	https://www.dashboard-deutschland.de/arbeitsmarkt/arbeitsmarkt
042f12c079d9b3b941a393af91e0f349,	https://www.dashboard-deutschland.de/arbeitsmarkt/arbeitsmarkt
9688f87a14f7705720560853b2c49d21,	https://www.dashboard-deutschland.de/arbeitsmarkt/arbeitsmarkt
f20e7db998ae7a2c388b1716eced9695,	https://www.dashboard-deutschland.de/arbeitsmarkt/arbeitsmarkt
910d5d7b71678906cc1e1b7dc5b6b8ad,	https://www.dashboard-deutschland.de/arbeitsmarkt/arbeitsmarkt
354e792a82682309e4482c86d05f5834,	https://www.dashboard-deutschland.de/indicator/data_woh_baugenehmigungen_wohnflaeche?origin=dashboard&db=wohnen&category=wohnen_bau
822e59ef9b3fc3fdaf49a64c9b974801,	https://www.dashboard-deutschland.de/indicator/data_woh_baugenehmigungen_wohnflaeche?origin=dashboard&db=wohnen&category=wohnen_bau
7c1ad5974061b174f731206e328bd990,	https://www.dashboard-deutschland.de/indicator/data_woh_nettokaltmiete?origin=dashboard&db=wohnen&category=wohnen_bau
10ec7245c0ddda6cb5ca3eb4c7bb1415,	https://www.dashboard-deutschland.de/indicator/data_woh_baugenehmigungen_wohnungen?origin=dashboard&db=wohnen&category=wohnen_bau
36b1c5ba6d6f2ee68fe6c897f07b2801,	https://www.dashboard-deutschland.de/indicator/data_woh_bruttokaltmiete?origin=dashboard&db=wohnen&category=wohnen_bau
69e9705c64604f4ad3f0c8ba0cbe3fc1,	https://www.dashboard-deutschland.de/indicator/data_woh_baugenehmigungen_bautraeger?origin=dashboard&db=wohnen&category=wohnen_bau
cc34100b8f4e9f076ed26be5999db72b,	https://www.dashboard-deutschland.de/indicator/data_woh_preise_immobilien_hpi_haueser?origin=dashboard&db=wohnen&category=wohnen_bau
63f24031cfcf0eef74dba9d9c2d87a75,	https://www.dashboard-deutschland.de/indicator/tile_1678111428688?origin=dashboard&db=wohnen&category=wohnen_bau
26cf56c68d6a8a1652a614d1aba05ea6,	https://www.dashboard-deutschland.de/indicator/data_woh_preise_immobilien_hpi_wohnungen?origin=dashboard&db=wohnen&category=wohnen_bau
6985d7375d0d46b46982c013af61004e,	https://www.dashboard-deutschland.de/indicator/tile_1656076602735?origin=dashboard&db=wohnen&category=wohnen_bau
3e2f7970d02aef920f998818b1bb8431,	https://www.dashboard-deutschland.de/indicator/tile_1667995046610?origin=dashboard&db=wohnen&category=wohnen_bau
6de569c1796e6a82dab781809de77314,	https://www.dashboard-deutschland.de/indicator/tile_1667308898055?origin=dashboard&db=bauen&category=wohnen_bau
e28e032ca61d7fda45bc72a71e3feb72,	https://www.dashboard-deutschland.de/indicator/data_bau_auftragseingang?origin=dashboard&db=bauen&category=wohnen_bau
10add0d8d9b91802b0f7f66e0f1210c3,	https://www.dashboard-deutschland.de/indicator/data_bau_beschaeftigung_vgr?origin=dashboard&db=bauen&category=wohnen_bau
d91a78310f212d94360905bc23b60781,	https://www.dashboard-deutschland.de/indicator/tile_1667890765659?origin=dashboard&db=bauen&category=wohnen_bau
c7e0121d5b3fef485041e0687b198fa4,	https://www.dashboard-deutschland.de/indicator/data_bau_kapazitaetsauslastung_bbsr?origin=dashboard&db=bauen&category=wohnen_bau
a4db348f85ee60c94f2a9da3b2582665,	https://www.dashboard-deutschland.de/indicator/data_bau_kapazitaetsauslastung_bbsr?origin=dashboard&db=bauen&category=wohnen_bau
de1aaabf288d611f47c299738482336a,	https://www.dashboard-deutschland.de/indicator/tile_1654070793733?origin=dashboard&db=bauen&category=wohnen_bau
76f6629cbf6e78467e322f238670f868,	https://www.dashboard-deutschland.de/indicator/tile_1654070793733?origin=dashboard&db=bauen&category=wohnen_bau
9c3097210498759d8697d94ceb2f984f,	https://www.dashboard-deutschland.de/indicator/tile_1667817211258?origin=dashboard&db=bauen&category=wohnen_bau
innovationlab,	https://digitalpresent.tagesspiegel.de/wo-das-coronavirus-gerade-am-schlimmsten-wird
59swr,	https://digitalpresent.tagesspiegel.de/mit-diesen-neuen-coronavirus-analysen-verstehen-wir-was-auf-uns-zukommt
59mdr,	https://digitalpresent.tagesspiegel.de/mit-diesen-neuen-coronavirus-analysen-verstehen-wir-was-auf-uns-zukommt
nzz-laender-vorbereitet1,	https://digitalpresent.tagesspiegel.de/die-besten-erklaerstuecke-zum-coronavirus-weltweit
556021b5e213db38f25598718a7808ae,	https://interaktiv.tagesspiegel.de/lab/mieten-und-renditen/
ds28_spotify,	https://digitalpresent.tagesspiegel.de/ab-wann-ist-man-reich
matthias-holz-die-zeit-infografik-fair-share-flaechendiagramm-schornstein-rauch-abgase-termometer-vektor-grafik-26112015-1644755519p4wbh-1726492718sbrZ7,	https://kombinatrotweiss.de/de/news/Infografik-Redakteur-Die-Zeit
ueberstunden_infografik,	https://www.kom.de/medien/kommunikatoren-wuenschen-sich-mehr-zeit/
30stunden_infographic_kleiner,	https://www.kom.de/medien/kommunikatoren-wuenschen-sich-mehr-zeit/
berufzeit_infographic_kleiner,	https://www.kom.de/medien/kommunikatoren-wuenschen-sich-mehr-zeit/
kommunikationstrend_infographic_kleiner,	https://www.kom.de/medien/kommunikatoren-wuenschen-sich-mehr-zeit/
Bitkom-Digitalisierung-hilft-in-der-Corona-Krise-1615469888-0-12,	https://winfuture.de/news121677.html
grafik-statista-onlinezeit-jugendliche,	https://ap-verlag.de/mediennutzung-von-jugendlichen-onlinezeit-von-jugendlichen-hat-sich-mehr-als-verdoppelt/41067/
grafik-staitsta-arbeit-privat-zeit-online,	https://ap-verlag.de/mediennutzung-von-jugendlichen-onlinezeit-von-jugendlichen-hat-sich-mehr-als-verdoppelt/41067/
35581,	https://de.statista.com/infografik/35581/umfrage-zu-negativen-einfluessen-von-social-media-auf-kinder-und-jugendliche/
35588,	https://de.statista.com/infografik/35588/umfrage-zu-social-media-mindestalter-fuer-kinder-und-jugendliche/
35557,	https://de.statista.com/infografik/35557/umfrage-zur-bewegtbild-nutzung-in-deutschland/
35369,	https://de.statista.com/infografik/35369/nachrichtenkonsum-in-sozialen-netzwerken/
35281,	https://de.statista.com/infografik/35281/anzahl-der-aussteller-der-frankfurter-und-leipziger-buchmesse/
35351,	https://de.statista.com/infografik/35351/umfrage-zur-nutzung-der-bewegtbildkanaele-fernsehen-streamin-und-social-media/
35366,	https://de.statista.com/infografik/35366/meinung-zu-elon-musk-und-x/
35272,	https://de.statista.com/infografik/35272/umfrage-zur-mentalen-gesundheit-in-deutschland/
35249,	https://de.statista.com/infografik/35249/befragte-die-folgende-soziale-netzwerke-regelmaessig-nutzen/
35248,	https://de.statista.com/infografik/35248/geschaetzte-ausgaben-fuer-social-media-werbung%252A-nach-laendern-2025--in-mrd-euro-/
35247,	https://de.statista.com/infografik/35247/anteil-der-befragten-die-lieber-in-einer-welt-mit-oder-ohne-social-media-leben-wuerden/
35246,	https://de.statista.com/infografik/35246/befragte-zu-ihrer-einstellung-zu-einem-social-media-verbot-fuer-kinder-und-jugendliche/
35146,	https://de.statista.com/infografik/35146/umfrage-zur-nutzung-von-tiktok-in-ausgewaehlten-laendern/
35147,	https://de.statista.com/infografik/35147/umfrage-zur-unterstuetzung-eines-tiktok-verbots-durch-die-us-regierung/
34788,	https://de.statista.com/infografik/34788/anteil-der-befragten-die-ueber-diese-social-media-plattformen-eingekauft-haben/
34716,	https://de.statista.com/infografik/34716/anteil-der-unternehmen-deren-online-video-produktion-in-diesen-formaten-zugenommen-hat/
34714,	https://de.statista.com/infografik/34714/umfrage-zu-den-wichtigsten-nutzungskriterien-sozialer-netzwerke/
33777,	https://de.statista.com/infografik/33777/befragten-die-folgende-soziale-netzwerke-nutzen/
35709,	https://de.statista.com/infografik/35709/anteil-der-us-amerikaner_innen-die-die-eebernahme-von-groenland-befuerworten-ablehnen/
35706,	https://de.statista.com/infografik/35706/durchschnittlicher-effektiver-zollsatz-auf-gueter-die-die-usa-importieren/
35659,	https://de.statista.com/infografik/35659/anzahl-der-menschen-in-gewahrsam-der-us-einwanderungsbehoerde-ice/
35711,	https://de.statista.com/infografik/35711/differenz-zwischen-zustimmung-und-ablehnung-der-amtsfuehrung-donald-trumps-nach-themen/
35654,	https://de.statista.com/infografik/35654/umfrage-zum-eintreten-von-ereignissen-im-kommenden-jahr/
35632,	https://de.statista.com/infografik/35632/verteilung-der-us-oelimporte-nach-oelarten/
35587,	https://de.statista.com/infografik/35587/routen-dokumentierter-kokainlieferungen-die-von-suedamerika-richtung-norden-verschifft-wurden/
35586,	https://de.statista.com/infografik/35586/umfrage-zu-negativem-image-der-usa/
35368,	https://de.statista.com/infografik/35368/meinung-zur-politischen-einflussnahme-von-elon-musk/
35331,	https://de.statista.com/infografik/35331/effektive-us-zollsaetze-nach-laendern/
35295,	https://de.statista.com/infografik/35295/import-von-russischem-oel-in-die-eu/
35195,	https://de.statista.com/infografik/35195/absatz-nicht-verschreibungspflichtiger-schmerzmittel-in-deutschland/
13b2e4ad27333f5ed6d3b307e458bf96,	https://www.energy-charts.info/charts/power/chart.htm?c=DE&l=de
energy-charts_Installierte_Netto-Leistung_zur_Stromerzeugung_in_Deutschland_2026,	https://www.energy-charts.info/charts/installed_power/chart.htm?c=DE&l=de
energy-charts_Öffentliche_Nettostromerzeugung_in_Deutschland_im_Januar_2026,	https://www.energy-charts.info/charts/energy/chart.htm?c=DE&l=de
energy-charts_Öffentliche_Nettostromerzeugung_in_Deutschland_in_Woche_4_2026,	https://www.energy-charts.info/charts/energy_pie/chart.htm?c=DE&l=de
energy-charts_Jährlicher_Anteil_Erneuerbarer_Energien_an_der_öffentlichen_Nettostromerzeugung_und_Last_in_Deutschland,	https://www.energy-charts.info/charts/renewable_share/chart.htm?c=DE&interval=year&l=de
energy-charts_Kraftwerkseins&auml;tze_zum_Redispatch_und_Einspeisemanagement_in_Deutschland_,	https://www.energy-charts.info/charts/energy_redispatch/chart.htm?c=DE&l=de
energy-charts_Stromproduktion_und_Börsenstrompreise_in_Deutschland_in_Woche_4_2026,	https://www.energy-charts.info/charts/price_spot_market/chart.htm?c=DE&l=de
energy-charts_Marktwerte_und_EEG-Vergütung_in_Deutschland,	https://www.energy-charts.info/charts/market_values/chart.htm?c=DE&interval=year&l=de
DE_Indikator_INDU-01_Energieverbrauch-Industrie_2026-01-20,	https://www.umweltbundesamt.de/bild/primaerenergieverbrauch-des-verarbeitenden-gewerbes
3_Abb_Gesamtstickstoffeinträge-Ostsee-D,	https://www.umweltbundesamt.de/bild/gesamtstickstoffeintraege-in-die-ostsee-de
4_Abb_Gesamtphosphoreinträge-Ostsee-D,	https://www.umweltbundesamt.de/bild/gesamtphosphoreintraege-in-die-ostsee-de
3_Abb_Flaechenverbrauch_2026-01-20,	https://www.umweltbundesamt.de/bild/flaechenverbrauch-durch-inlaendische-entnahme-von
2_Abb_Inlaend-Entnahme-Rohstoffe_2026-01-20,	https://www.umweltbundesamt.de/bild/inlaendische-entnahme-von-rohstoffen-im-tagebau
2_Abb_Ergebnisse-Recyclingverfahren_2026-01-15.png,	https://www.umweltbundesamt.de/bild/altbatterierecycling-recyclingeffizienzen-der-jahre
de_indikator_klim-01_emission-treibhausgase_2025-05-26,	https://www.umweltbundesamt.de/daten/umweltindikatoren/indikator-emission-von-treibhausgasen#die-wichtigsten-fakten
de_indikator_klim-02_globale-lufttemperatur_2025-05-30,	https://www.umweltbundesamt.de/daten/umweltindikatoren/indikator-globale-lufttemperatur#die-wichtigsten-fakten
de_indikator_ener-02_endenergieproduktivitaet_2025-12-18,	https://www.umweltbundesamt.de/daten/umweltindikatoren/indikator-endenergieproduktivitaet
de_indikator_luft-01_emission-luftschadstoffe_2025-07-10_0,	https://www.umweltbundesamt.de/daten/umweltindikatoren/indikator-emission-von-luftschadstoffen
ScreenShot_2026-03-11_140635_926.png,	https://dzhyp.de/fileadmin/user_upload/Dokumente/Ueber_uns/Marktberichte/DZ_HYP_Wohnimmobilienmarkt_Deutschland_2024_2025.pdf
ScreenShot_2026-03-11_140657_629.png, https://dzhyp.de/fileadmin/user_upload/Dokumente/Ueber_uns/Marktberichte/DZ_HYP_Wohnimmobilienmarkt_Deutschland_2024_2025.pdf
ScreenShot_2026-03-11_140706_554.png, https://dzhyp.de/fileadmin/user_upload/Dokumente/Ueber_uns/Marktberichte/DZ_HYP_Wohnimmobilienmarkt_Deutschland_2024_2025.pdf
ScreenShot_2026-03-11_140712_366.png, https://dzhyp.de/fileadmin/user_upload/Dokumente/Ueber_uns/Marktberichte/DZ_HYP_Wohnimmobilienmarkt_Deutschland_2024_2025.pdf
ScreenShot_2026-03-11_140718_149.png , https://dzhyp.de/fileadmin/user_upload/Dokumente/Ueber_uns/Marktberichte/DZ_HYP_Wohnimmobilienmarkt_Deutschland_2024_2025.pdf
ScreenShot_2026-03-11_140726_794.png , https://dzhyp.de/fileadmin/user_upload/Dokumente/Ueber_uns/Marktberichte/DZ_HYP_Wohnimmobilienmarkt_Deutschland_2024_2025.pdf
ScreenShot_2026-03-11_140733_893.png , https://dzhyp.de/fileadmin/user_upload/Dokumente/Ueber_uns/Marktberichte/DZ_HYP_Wohnimmobilienmarkt_Deutschland_2024_2025.pdf
ScreenShot_2026-03-11_140740_483.png , https://dzhyp.de/fileadmin/user_upload/Dokumente/Ueber_uns/Marktberichte/DZ_HYP_Wohnimmobilienmarkt_Deutschland_2024_2025.pdf
ScreenShot_2026-03-11_140748_213.png , https://dzhyp.de/fileadmin/user_upload/Dokumente/Ueber_uns/Marktberichte/DZ_HYP_Wohnimmobilienmarkt_Deutschland_2024_2025.pdf
ScreenShot_2026-03-11_140756_176.png , https://dzhyp.de/fileadmin/user_upload/Dokumente/Ueber_uns/Marktberichte/DZ_HYP_Wohnimmobilienmarkt_Deutschland_2024_2025.pdf
ScreenShot_2026-03-11_140801_813.png , https://dzhyp.de/fileadmin/user_upload/Dokumente/Ueber_uns/Marktberichte/DZ_HYP_Wohnimmobilienmarkt_Deutschland_2024_2025.pdf
ScreenShot_2026-03-11_140814_328.png , https://dzhyp.de/fileadmin/user_upload/Dokumente/Ueber_uns/Marktberichte/DZ_HYP_Wohnimmobilienmarkt_Deutschland_2024_2025.pdf
ScreenShot_2026-03-11_140826_136.png , https://dzhyp.de/fileadmin/user_upload/Dokumente/Ueber_uns/Marktberichte/DZ_HYP_Wohnimmobilienmarkt_Deutschland_2024_2025.pdf
ScreenShot_2026-03-11_140833_610.png , https://dzhyp.de/fileadmin/user_upload/Dokumente/Ueber_uns/Marktberichte/DZ_HYP_Wohnimmobilienmarkt_Deutschland_2024_2025.pdf
ScreenShot_2026-03-11_140841_704.png , https://dzhyp.de/fileadmin/user_upload/Dokumente/Ueber_uns/Marktberichte/DZ_HYP_Wohnimmobilienmarkt_Deutschland_2024_2025.pdf
ScreenShot_2026-03-11_140849_915.png , https://dzhyp.de/fileadmin/user_upload/Dokumente/Ueber_uns/Marktberichte/DZ_HYP_Wohnimmobilienmarkt_Deutschland_2024_2025.pdf
ScreenShot_2026-03-11_140858_255.png , https://dzhyp.de/fileadmin/user_upload/Dokumente/Ueber_uns/Marktberichte/DZ_HYP_Wohnimmobilienmarkt_Deutschland_2024_2025.pdf
ScreenShot_2026-03-11_140905_271.png , https://dzhyp.de/fileadmin/user_upload/Dokumente/Ueber_uns/Marktberichte/DZ_HYP_Wohnimmobilienmarkt_Deutschland_2024_2025.pdf
ScreenShot_2026-03-11_140913_285.png , https://dzhyp.de/fileadmin/user_upload/Dokumente/Ueber_uns/Marktberichte/DZ_HYP_Wohnimmobilienmarkt_Deutschland_2024_2025.pdf
ScreenShot_2026-03-11_140918_866.png , https://dzhyp.de/fileadmin/user_upload/Dokumente/Ueber_uns/Marktberichte/DZ_HYP_Wohnimmobilienmarkt_Deutschland_2024_2025.pdf
ScreenShot_2026-03-11_140925_145.png , https://dzhyp.de/fileadmin/user_upload/Dokumente/Ueber_uns/Marktberichte/DZ_HYP_Wohnimmobilienmarkt_Deutschland_2024_2025.pdf
ScreenShot_2026-03-11_140933_339.png , https://dzhyp.de/fileadmin/user_upload/Dokumente/Ueber_uns/Marktberichte/DZ_HYP_Wohnimmobilienmarkt_Deutschland_2024_2025.pdf
ScreenShot_2026-03-11_140941_209.png , https://dzhyp.de/fileadmin/user_upload/Dokumente/Ueber_uns/Marktberichte/DZ_HYP_Wohnimmobilienmarkt_Deutschland_2024_2025.pdf
ScreenShot_2026-03-11_140949_016.png , https://dzhyp.de/fileadmin/user_upload/Dokumente/Ueber_uns/Marktberichte/DZ_HYP_Wohnimmobilienmarkt_Deutschland_2024_2025.pdf
ScreenShot_2026-03-11_140958_108.png , https://dzhyp.de/fileadmin/user_upload/Dokumente/Ueber_uns/Marktberichte/DZ_HYP_Wohnimmobilienmarkt_Deutschland_2024_2025.pdf
ScreenShot_2026-03-11_141004_834.png , https://dzhyp.de/fileadmin/user_upload/Dokumente/Ueber_uns/Marktberichte/DZ_HYP_Wohnimmobilienmarkt_Deutschland_2024_2025.pdf
ScreenShot_2026-03-11_141026_815.png , https://dzhyp.de/fileadmin/user_upload/Dokumente/Ueber_uns/Marktberichte/DZ_HYP_Wohnimmobilienmarkt_Deutschland_2024_2025.pdf
ScreenShot_2026-03-11_141034_481.png , https://dzhyp.de/fileadmin/user_upload/Dokumente/Ueber_uns/Marktberichte/DZ_HYP_Wohnimmobilienmarkt_Deutschland_2024_2025.pdf
ScreenShot_2026-03-11_141044_646.png , https://dzhyp.de/fileadmin/user_upload/Dokumente/Ueber_uns/Marktberichte/DZ_HYP_Wohnimmobilienmarkt_Deutschland_2024_2025.pdf
ScreenShot_2026-03-11_141051_499.png , https://dzhyp.de/fileadmin/user_upload/Dokumente/Ueber_uns/Marktberichte/DZ_HYP_Wohnimmobilienmarkt_Deutschland_2024_2025.pdf
ScreenShot_2026-03-11_141057_478.png , https://dzhyp.de/fileadmin/user_upload/Dokumente/Ueber_uns/Marktberichte/DZ_HYP_Wohnimmobilienmarkt_Deutschland_2024_2025.pdf
ScreenShot_2026-03-11_141104_369.png , https://dzhyp.de/fileadmin/user_upload/Dokumente/Ueber_uns/Marktberichte/DZ_HYP_Wohnimmobilienmarkt_Deutschland_2024_2025.pdf
ScreenShot_2026-03-11_141112_194.png , https://dzhyp.de/fileadmin/user_upload/Dokumente/Ueber_uns/Marktberichte/DZ_HYP_Wohnimmobilienmarkt_Deutschland_2024_2025.pdf
ScreenShot_2026-03-11_141121_692.png , https://dzhyp.de/fileadmin/user_upload/Dokumente/Ueber_uns/Marktberichte/DZ_HYP_Wohnimmobilienmarkt_Deutschland_2024_2025.pdf
ScreenShot_2026-03-11_141129_136.png , https://dzhyp.de/fileadmin/user_upload/Dokumente/Ueber_uns/Marktberichte/DZ_HYP_Wohnimmobilienmarkt_Deutschland_2024_2025.pdf
ScreenShot_2026-03-11_141139_696.png , https://dzhyp.de/fileadmin/user_upload/Dokumente/Ueber_uns/Marktberichte/DZ_HYP_Wohnimmobilienmarkt_Deutschland_2024_2025.pdf
ScreenShot_2026-03-11_141146_818.png , https://dzhyp.de/fileadmin/user_upload/Dokumente/Ueber_uns/Marktberichte/DZ_HYP_Wohnimmobilienmarkt_Deutschland_2024_2025.pdf
ScreenShot_2026-03-11_141157_078.png , https://dzhyp.de/fileadmin/user_upload/Dokumente/Ueber_uns/Marktberichte/DZ_HYP_Wohnimmobilienmarkt_Deutschland_2024_2025.pdf
ScreenShot_2026-03-11_141202_897.png , https://dzhyp.de/fileadmin/user_upload/Dokumente/Ueber_uns/Marktberichte/DZ_HYP_Wohnimmobilienmarkt_Deutschland_2024_2025.pdf
ScreenShot_2026-03-11_141212_035.png , https://dzhyp.de/fileadmin/user_upload/Dokumente/Ueber_uns/Marktberichte/DZ_HYP_Wohnimmobilienmarkt_Deutschland_2024_2025.pdf
ScreenShot_2026-03-11_141220_388.png , https://dzhyp.de/fileadmin/user_upload/Dokumente/Ueber_uns/Marktberichte/DZ_HYP_Wohnimmobilienmarkt_Deutschland_2024_2025.pdf
ScreenShot_2026-03-11_141349_239.png , https://www.oecd.org/content/dam/oecd/de/publications/reports/2025/06/oecd-economic-surveys-germany-2025_b395dc9b/edfb037f-de.pdf
ScreenShot_2026-03-11_141407_952.png , https://www.oecd.org/content/dam/oecd/de/publications/reports/2025/06/oecd-economic-surveys-germany-2025_b395dc9b/edfb037f-de.pdf
ScreenShot_2026-03-11_141414_553.png , https://www.oecd.org/content/dam/oecd/de/publications/reports/2025/06/oecd-economic-surveys-germany-2025_b395dc9b/edfb037f-de.pdf
ScreenShot_2026-03-11_141425_949.png , https://www.oecd.org/content/dam/oecd/de/publications/reports/2025/06/oecd-economic-surveys-germany-2025_b395dc9b/edfb037f-de.pdf
ScreenShot_2026-03-11_141436_440.png , https://www.oecd.org/content/dam/oecd/de/publications/reports/2025/06/oecd-economic-surveys-germany-2025_b395dc9b/edfb037f-de.pdf
ScreenShot_2026-03-11_141445_072.png , https://www.oecd.org/content/dam/oecd/de/publications/reports/2025/06/oecd-economic-surveys-germany-2025_b395dc9b/edfb037f-de.pdf
ScreenShot_2026-03-11_141502_302.png , https://www.oecd.org/content/dam/oecd/de/publications/reports/2025/06/oecd-economic-surveys-germany-2025_b395dc9b/edfb037f-de.pdf
ScreenShot_2026-03-11_141516_044.png , https://www.oecd.org/content/dam/oecd/de/publications/reports/2025/06/oecd-economic-surveys-germany-2025_b395dc9b/edfb037f-de.pdf
ScreenShot_2026-03-11_141532_111.png , https://www.oecd.org/content/dam/oecd/de/publications/reports/2025/06/oecd-economic-surveys-germany-2025_b395dc9b/edfb037f-de.pdf
ScreenShot_2026-03-11_141545_696.png , https://www.oecd.org/content/dam/oecd/de/publications/reports/2025/06/oecd-economic-surveys-germany-2025_b395dc9b/edfb037f-de.pdf
ScreenShot_2026-03-11_141601_286.png , https://www.oecd.org/content/dam/oecd/de/publications/reports/2025/06/oecd-economic-surveys-germany-2025_b395dc9b/edfb037f-de.pdf
ScreenShot_2026-03-11_141609_581.png , https://www.oecd.org/content/dam/oecd/de/publications/reports/2025/06/oecd-economic-surveys-germany-2025_b395dc9b/edfb037f-de.pdf
ScreenShot_2026-03-11_141718_727.png , https://www.bundesnetzagentur.de/SharedDocs/Mediathek/Berichte/2024/Briefmarktbericht2024.pdf?__blob=publicationFile&v=3
ScreenShot_2026-03-11_141736_535.png , https://www.bundesnetzagentur.de/SharedDocs/Mediathek/Berichte/2024/Briefmarktbericht2024.pdf?__blob=publicationFile&v=3
ScreenShot_2026-03-11_141745_445.png , https://www.bundesnetzagentur.de/SharedDocs/Mediathek/Berichte/2024/Briefmarktbericht2024.pdf?__blob=publicationFile&v=3
ScreenShot_2026-03-11_141753_416.png , https://www.bundesnetzagentur.de/SharedDocs/Mediathek/Berichte/2024/Briefmarktbericht2024.pdf?__blob=publicationFile&v=3
ScreenShot_2026-03-11_141801_182.png , https://www.bundesnetzagentur.de/SharedDocs/Mediathek/Berichte/2024/Briefmarktbericht2024.pdf?__blob=publicationFile&v=3
ScreenShot_2026-03-11_141814_288.png , https://www.bundesnetzagentur.de/SharedDocs/Mediathek/Berichte/2024/Briefmarktbericht2024.pdf?__blob=publicationFile&v=3
ScreenShot_2026-03-11_141917_522.png , https://www.colliers.de/wp-content/uploads/2019/01/2019_Colliers_Research_Marktbericht_K%C3%B6ln.pdf
ScreenShot_2026-03-11_141933_016.png , https://www.colliers.de/wp-content/uploads/2019/01/2019_Colliers_Research_Marktbericht_K%C3%B6ln.pdf
ScreenShot_2026-03-11_141940_046.png , https://www.colliers.de/wp-content/uploads/2019/01/2019_Colliers_Research_Marktbericht_K%C3%B6ln.pdf
ScreenShot_2026-03-11_141947_694.png , https://www.colliers.de/wp-content/uploads/2019/01/2019_Colliers_Research_Marktbericht_K%C3%B6ln.pdf
ScreenShot_2026-03-11_141954_850.png , https://www.colliers.de/wp-content/uploads/2019/01/2019_Colliers_Research_Marktbericht_K%C3%B6ln.pdf
ScreenShot_2026-03-11_142000_564.png , https://www.colliers.de/wp-content/uploads/2019/01/2019_Colliers_Research_Marktbericht_K%C3%B6ln.pdf
ScreenShot_2026-03-11_142007_999.png , https://www.colliers.de/wp-content/uploads/2019/01/2019_Colliers_Research_Marktbericht_K%C3%B6ln.pdf
ScreenShot_2026-03-11_142013_315.png , https://www.colliers.de/wp-content/uploads/2019/01/2019_Colliers_Research_Marktbericht_K%C3%B6ln.pdf
ScreenShot_2026-03-11_142155_350.png , https://www.agora-energiewende.de/fileadmin/Projekte/2025/2024-18_DE_JAW24/A-EW_351_JAW24_WEB.pdf
ScreenShot_2026-03-11_142209_781.png , https://www.agora-energiewende.de/fileadmin/Projekte/2025/2024-18_DE_JAW24/A-EW_351_JAW24_WEB.pdf
ScreenShot_2026-03-11_142221_269.png , https://www.agora-energiewende.de/fileadmin/Projekte/2025/2024-18_DE_JAW24/A-EW_351_JAW24_WEB.pdf
ScreenShot_2026-03-11_142231_464.png , https://www.agora-energiewende.de/fileadmin/Projekte/2025/2024-18_DE_JAW24/A-EW_351_JAW24_WEB.pdf
ScreenShot_2026-03-11_142241_775.png , https://www.agora-energiewende.de/fileadmin/Projekte/2025/2024-18_DE_JAW24/A-EW_351_JAW24_WEB.pdf
ScreenShot_2026-03-11_142250_604.png , https://www.agora-energiewende.de/fileadmin/Projekte/2025/2024-18_DE_JAW24/A-EW_351_JAW24_WEB.pdf
ScreenShot_2026-03-11_142257_118.png , https://www.agora-energiewende.de/fileadmin/Projekte/2025/2024-18_DE_JAW24/A-EW_351_JAW24_WEB.pdf
ScreenShot_2026-03-11_142304_385.png , https://www.agora-energiewende.de/fileadmin/Projekte/2025/2024-18_DE_JAW24/A-EW_351_JAW24_WEB.pdf
ScreenShot_2026-03-11_142312_394.png , https://www.agora-energiewende.de/fileadmin/Projekte/2025/2024-18_DE_JAW24/A-EW_351_JAW24_WEB.pdf
ScreenShot_2026-03-11_142322_116.png , https://www.agora-energiewende.de/fileadmin/Projekte/2025/2024-18_DE_JAW24/A-EW_351_JAW24_WEB.pdf
ScreenShot_2026-03-11_142337_549.png , https://www.agora-energiewende.de/fileadmin/Projekte/2025/2024-18_DE_JAW24/A-EW_351_JAW24_WEB.pdf
ScreenShot_2026-03-11_142346_718.png , https://www.agora-energiewende.de/fileadmin/Projekte/2025/2024-18_DE_JAW24/A-EW_351_JAW24_WEB.pdf
ScreenShot_2026-03-11_142403_471.png , https://www.agora-energiewende.de/fileadmin/Projekte/2025/2024-18_DE_JAW24/A-EW_351_JAW24_WEB.pdf
ScreenShot_2026-03-11_142410_612.png , https://www.agora-energiewende.de/fileadmin/Projekte/2025/2024-18_DE_JAW24/A-EW_351_JAW24_WEB.pdf
ScreenShot_2026-03-11_142420_706.png , https://www.agora-energiewende.de/fileadmin/Projekte/2025/2024-18_DE_JAW24/A-EW_351_JAW24_WEB.pdf
ScreenShot_2026-03-11_142429_401.png , https://www.agora-energiewende.de/fileadmin/Projekte/2025/2024-18_DE_JAW24/A-EW_351_JAW24_WEB.pdf
ScreenShot_2026-03-11_142438_073.png , https://www.agora-energiewende.de/fileadmin/Projekte/2025/2024-18_DE_JAW24/A-EW_351_JAW24_WEB.pdf
ScreenShot_2026-03-11_142447_667.png , https://www.agora-energiewende.de/fileadmin/Projekte/2025/2024-18_DE_JAW24/A-EW_351_JAW24_WEB.pdf
ScreenShot_2026-03-11_142457_300.png , https://www.agora-energiewende.de/fileadmin/Projekte/2025/2024-18_DE_JAW24/A-EW_351_JAW24_WEB.pdf
ScreenShot_2026-03-11_142508_638.png , https://www.agora-energiewende.de/fileadmin/Projekte/2025/2024-18_DE_JAW24/A-EW_351_JAW24_WEB.pdf
ScreenShot_2026-03-11_142515_933.png , https://www.agora-energiewende.de/fileadmin/Projekte/2025/2024-18_DE_JAW24/A-EW_351_JAW24_WEB.pdf
ScreenShot_2026-03-11_142529_052.png , https://www.agora-energiewende.de/fileadmin/Projekte/2025/2024-18_DE_JAW24/A-EW_351_JAW24_WEB.pdf
ScreenShot_2026-03-11_142551_440.png , https://www.agora-energiewende.de/fileadmin/Projekte/2025/2024-18_DE_JAW24/A-EW_351_JAW24_WEB.pdf
ScreenShot_2026-03-11_142608_495.png , https://www.agora-energiewende.de/fileadmin/Projekte/2025/2024-18_DE_JAW24/A-EW_351_JAW24_WEB.pdf
ScreenShot_2026-03-11_142618_959.png , https://www.agora-energiewende.de/fileadmin/Projekte/2025/2024-18_DE_JAW24/A-EW_351_JAW24_WEB.pdf
ScreenShot_2026-03-11_142628_890.png , https://www.agora-energiewende.de/fileadmin/Projekte/2025/2024-18_DE_JAW24/A-EW_351_JAW24_WEB.pdf
ScreenShot_2026-03-11_142635_121.png , https://www.agora-energiewende.de/fileadmin/Projekte/2025/2024-18_DE_JAW24/A-EW_351_JAW24_WEB.pdf
ScreenShot_2026-03-11_142645_343.png , https://www.agora-energiewende.de/fileadmin/Projekte/2025/2024-18_DE_JAW24/A-EW_351_JAW24_WEB.pdf
ScreenShot_2026-03-11_142705_777.png , https://www.agora-energiewende.de/fileadmin/Projekte/2025/2024-18_DE_JAW24/A-EW_351_JAW24_WEB.pdf
ScreenShot_2026-03-11_142714_723.png , https://www.agora-energiewende.de/fileadmin/Projekte/2025/2024-18_DE_JAW24/A-EW_351_JAW24_WEB.pdf
ScreenShot_2026-03-11_142721_970.png , https://www.agora-energiewende.de/fileadmin/Projekte/2025/2024-18_DE_JAW24/A-EW_351_JAW24_WEB.pdf
ScreenShot_2026-03-11_142733_895.png , https://www.agora-energiewende.de/fileadmin/Projekte/2025/2024-18_DE_JAW24/A-EW_351_JAW24_WEB.pdf
ScreenShot_2026-03-11_142747_262.png , https://www.agora-energiewende.de/fileadmin/Projekte/2025/2024-18_DE_JAW24/A-EW_351_JAW24_WEB.pdf
ScreenShot_2026-03-11_142755_219.png , https://www.agora-energiewende.de/fileadmin/Projekte/2025/2024-18_DE_JAW24/A-EW_351_JAW24_WEB.pdf
ScreenShot_2026-03-11_142806_573.png , https://www.agora-energiewende.de/fileadmin/Projekte/2025/2024-18_DE_JAW24/A-EW_351_JAW24_WEB.pdf
21560.jpg,	https://de.statista.com/infografik/21560/entwicklung-der-arbeitslosenquote-in-deutschland/
35885.jpg,	https://de.statista.com/infografik/35885/anteil-der-vom-fachkraeftemangel-betroffenen-unternehmen-in-deutschland/
2923.jpg,	https://de.statista.com/infografik/2923/erwerbstaetigenquote-in-deutschland/
Screenshot 2026-03-24 170348.png,	https://www.tagesschau.de/inland/energiepreise-entwicklung-101.html
Entwicklung der Spezifischen Emissionen im deutschen Strommix 1990-2025.png,	https://www.umweltbundesamt.de/bild/entwicklung-der-spezifischen-emissionen-im
9_Abb_Leuchtmittel_2026-03-10.png.avif,	https://www.umweltbundesamt.de/bild/umsatz-marktanteil-von-energieeffizienten-6
8_Abb_Flatscreens_2026-03-10.png.avif,	https://www.umweltbundesamt.de/bild/umsatz-marktanteil-von-energieeffizienten-5
7_Abb_Elektroherde-Backöfen_2026-03-10.png.avif,	https://www.umweltbundesamt.de/bild/umsatz-marktanteil-von-energieeffizienten-4
6_Abb_Geschirrspüler_2026-03-10.png.avif,	https://www.umweltbundesamt.de/bild/umsatz-marktanteil-von-energieeffizienten-2
5_Abb_Wäschetrockner_2026-03-10_1.png.avif,	https://www.umweltbundesamt.de/bild/umsatz-marktanteil-von-energieeffizienten-3
4_Abb_Waschmaschinen_2026-03-10_1.png.avif,	https://www.umweltbundesamt.de/bild/umsatz-marktanteil-von-energieeffizienten-1
3_Abb_Gefriergeräte_2026-03-10_0.png.avif,	https://www.umweltbundesamt.de/bild/umsatz-marktanteil-von-energieeffizienten-0
Vermiedener Primärenergieeinsatz fossiler Energieträger 2024_Stand_2_2026_1545x775px.png.avif,	https://www.umweltbundesamt.de/bild/vermiedener-primaerenergieeinsatz-fossiler-0
CO2-FussabdruckproKopf_rgb_2026.png,	https://www.umweltbundesamt.de/bild/durchschnittlicher-co2-fussabdruck-pro-kopf-in
Screenshot 2026-03-24 171512.png,	https://www.bpb.de/kurz-knapp/zahlen-und-fakten/soziale-situation-in-deutschland/61544/bevoelkerungsentwicklung-und-wanderung/
Screenshot 2026-03-24 171556.png,	https://www.bpb.de/kurz-knapp/zahlen-und-fakten/soziale-situation-in-deutschland/313837/binnenwanderung-wanderungssalden/
Screenshot 2026-03-24 171659.png,	https://www.bpb.de/kurz-knapp/zahlen-und-fakten/soziale-situation-in-deutschland/147368/demografischer-wandel/
Screenshot 2026-03-24 171722.png,	https://www.bpb.de/kurz-knapp/zahlen-und-fakten/soziale-situation-in-deutschland/61553/kinderlosigkeit-und-kinderzahl/
Screenshot 2026-03-24 171758.png,	https://www.bpb.de/kurz-knapp/zahlen-und-fakten/soziale-situation-in-deutschland/61556/alter-der-muetter-bei-der-geburt-ihrer-kinder/
Screenshot 2026-03-24 171820.png,	https://www.bpb.de/kurz-knapp/zahlen-und-fakten/soziale-situation-in-deutschland/145148/religion/
Screenshot 2026-03-24 171841.png,	https://www.bpb.de/kurz-knapp/zahlen-und-fakten/soziale-situation-in-deutschland/61565/katholische-und-evangelische-kirche/
Screenshot 2026-03-24 171906.png,	https://www.bpb.de/kurz-knapp/zahlen-und-fakten/soziale-situation-in-deutschland/61562/kirche-nach-bundeslaendern/
Screenshot 2026-03-24 171929.png,	https://www.bpb.de/kurz-knapp/zahlen-und-fakten/soziale-situation-in-deutschland/61532/bevoelkerungsentwicklung/
Screenshot 2026-03-24 172959.png,	https://www.bmleh.de/SharedDocs/Downloads/DE/_Landwirtschaft/EU-Agrarpolitik-Foerderung/gap-strategieplan-umweltbericht.pdf?__blob=publicationFile&v=4
Screenshot 2026-03-24 173006.png,	https://www.bmleh.de/SharedDocs/Downloads/DE/_Landwirtschaft/EU-Agrarpolitik-Foerderung/gap-strategieplan-umweltbericht.pdf?__blob=publicationFile&v=4
Screenshot 2026-03-24 173018.png,	https://www.bmleh.de/SharedDocs/Downloads/DE/_Landwirtschaft/EU-Agrarpolitik-Foerderung/gap-strategieplan-umweltbericht.pdf?__blob=publicationFile&v=4
Screenshot 2026-03-24 173026.png,	https://www.bmleh.de/SharedDocs/Downloads/DE/_Landwirtschaft/EU-Agrarpolitik-Foerderung/gap-strategieplan-umweltbericht.pdf?__blob=publicationFile&v=4
Screenshot 2026-03-24 173034.png,	https://www.bmleh.de/SharedDocs/Downloads/DE/_Landwirtschaft/EU-Agrarpolitik-Foerderung/gap-strategieplan-umweltbericht.pdf?__blob=publicationFile&v=4
Screenshot 2026-03-24 173042.png,	https://www.bmleh.de/SharedDocs/Downloads/DE/_Landwirtschaft/EU-Agrarpolitik-Foerderung/gap-strategieplan-umweltbericht.pdf?__blob=publicationFile&v=4
Screenshot 2026-03-24 173050.png,	https://www.bmleh.de/SharedDocs/Downloads/DE/_Landwirtschaft/EU-Agrarpolitik-Foerderung/gap-strategieplan-umweltbericht.pdf?__blob=publicationFile&v=4
Screenshot 2026-03-24 173102.png,	https://www.bmleh.de/SharedDocs/Downloads/DE/_Landwirtschaft/EU-Agrarpolitik-Foerderung/gap-strategieplan-umweltbericht.pdf?__blob=publicationFile&v=4
Screenshot 2026-03-24 173437.png,	https://www.umweltbundesamt.de/system/files/medien/11850/publikationen/projektionsbericht_2025.pdf
Screenshot 2026-03-24 173446.png,	https://www.umweltbundesamt.de/system/files/medien/11850/publikationen/projektionsbericht_2025.pdf
Screenshot 2026-03-24 173503.png,	https://www.umweltbundesamt.de/system/files/medien/11850/publikationen/projektionsbericht_2025.pdf
Screenshot 2026-03-24 173509.png,	https://www.umweltbundesamt.de/system/files/medien/11850/publikationen/projektionsbericht_2025.pdf
Screenshot 2026-03-24 173517.png,	https://www.umweltbundesamt.de/system/files/medien/11850/publikationen/projektionsbericht_2025.pdf
Screenshot 2026-03-24 173528.png,	https://www.umweltbundesamt.de/system/files/medien/11850/publikationen/projektionsbericht_2025.pdf
Screenshot 2026-03-24 173534.png,	https://www.umweltbundesamt.de/system/files/medien/11850/publikationen/projektionsbericht_2025.pdf
Screenshot 2026-03-24 173543.png,	https://www.umweltbundesamt.de/system/files/medien/11850/publikationen/projektionsbericht_2025.pdf
Screenshot 2026-03-24 173552.png,	https://www.umweltbundesamt.de/system/files/medien/11850/publikationen/projektionsbericht_2025.pdf
Screenshot 2026-03-24 173558.png,	https://www.umweltbundesamt.de/system/files/medien/11850/publikationen/projektionsbericht_2025.pdf
Screenshot 2026-03-24 173606.png,	https://www.umweltbundesamt.de/system/files/medien/11850/publikationen/projektionsbericht_2025.pdf
Screenshot 2026-03-24 173618.png,	https://www.umweltbundesamt.de/system/files/medien/11850/publikationen/projektionsbericht_2025.pdf
Screenshot 2026-03-24 173645.png,	https://www.umweltbundesamt.de/system/files/medien/11850/publikationen/projektionsbericht_2025.pdf
Screenshot 2026-03-24 173658.png,	https://www.umweltbundesamt.de/system/files/medien/11850/publikationen/projektionsbericht_2025.pdf
Screenshot 2026-03-24 173721.png,	https://www.umweltbundesamt.de/system/files/medien/11850/publikationen/projektionsbericht_2025.pdf
Screenshot 2026-03-24 173816.png,	https://www.destatis.de/DE/Themen/Gesellschaft-Umwelt/Nachhaltigkeitsindikatoren/Publikationen/Downloads-Nachhaltigkeit/indikatoren-0230001189004.pdf?__blob=publicationFile&amp;v=6
Screenshot 2026-03-24 173823.png,	https://www.destatis.de/DE/Themen/Gesellschaft-Umwelt/Nachhaltigkeitsindikatoren/Publikationen/Downloads-Nachhaltigkeit/indikatoren-0230001189004.pdf?__blob=publicationFile&amp;v=6
Screenshot 2026-03-24 173829.png,	https://www.destatis.de/DE/Themen/Gesellschaft-Umwelt/Nachhaltigkeitsindikatoren/Publikationen/Downloads-Nachhaltigkeit/indikatoren-0230001189004.pdf?__blob=publicationFile&amp;v=6
Screenshot 2026-03-24 173838.png,	https://www.destatis.de/DE/Themen/Gesellschaft-Umwelt/Nachhaltigkeitsindikatoren/Publikationen/Downloads-Nachhaltigkeit/indikatoren-0230001189004.pdf?__blob=publicationFile&amp;v=6
Screenshot 2026-03-24 173845.png,	https://www.destatis.de/DE/Themen/Gesellschaft-Umwelt/Nachhaltigkeitsindikatoren/Publikationen/Downloads-Nachhaltigkeit/indikatoren-0230001189004.pdf?__blob=publicationFile&amp;v=6
Screenshot 2026-03-24 173851.png,	https://www.destatis.de/DE/Themen/Gesellschaft-Umwelt/Nachhaltigkeitsindikatoren/Publikationen/Downloads-Nachhaltigkeit/indikatoren-0230001189004.pdf?__blob=publicationFile&amp;v=6
Screenshot 2026-03-24 173857.png,	https://www.destatis.de/DE/Themen/Gesellschaft-Umwelt/Nachhaltigkeitsindikatoren/Publikationen/Downloads-Nachhaltigkeit/indikatoren-0230001189004.pdf?__blob=publicationFile&amp;v=6
Screenshot 2026-03-24 173904.png,	https://www.destatis.de/DE/Themen/Gesellschaft-Umwelt/Nachhaltigkeitsindikatoren/Publikationen/Downloads-Nachhaltigkeit/indikatoren-0230001189004.pdf?__blob=publicationFile&amp;v=6
Screenshot 2026-03-24 173926.png,	https://www.destatis.de/DE/Themen/Gesellschaft-Umwelt/Nachhaltigkeitsindikatoren/Publikationen/Downloads-Nachhaltigkeit/indikatoren-0230001189004.pdf?__blob=publicationFile&amp;v=6
Screenshot 2026-03-24 173936.png,	https://www.destatis.de/DE/Themen/Gesellschaft-Umwelt/Nachhaltigkeitsindikatoren/Publikationen/Downloads-Nachhaltigkeit/indikatoren-0230001189004.pdf?__blob=publicationFile&amp;v=6
Screenshot 2026-03-24 174713.png,	https://www.umweltbundesamt.de/system/files/medien/11850/publikationen/2026-03/45_2026_TEXTE.pdf
Screenshot 2026-03-24 174719.png,	https://www.umweltbundesamt.de/system/files/medien/11850/publikationen/2026-03/45_2026_TEXTE.pdf
