Image	,	URL
7ba4eab1b2fa1734814fc24dda38240e	,	https://www.censtatd.gov.hk/tc/web_table.html?id=110-01001A
19aba05f0fab73ce90ce607f3c6ff783	,	https://www.censtatd.gov.hk/en/data/stat_report/product/B1120017/att/B1120017052022XXXXB0100.pdf
55e27708170ec2c26da3dc7354d809c7	,	https://www.censtatd.gov.hk/en/data/stat_report/product/B1120017/att/B1120017052022XXXXB0100.pdf
eccf65c22954c3b374581b716f81aada	,	https://www.censtatd.gov.hk/en/data/stat_report/product/B1120017/att/B1120017052022XXXXB0100.pdf
fbf5030bcbbb904548ee27493a0e206d	,	https://www.censtatd.gov.hk/en/data/stat_report/product/B1120017/att/B1120017052022XXXXB0100.pdf
39bd5c319641b5b8b058d9acbeda4c0a	,	https://www.censtatd.gov.hk/en/data/stat_report/product/B1120017/att/B1120017052022XXXXB0100.pdf
a80ce3acb12d2dd8ed88ab489a26be5e	,	https://www.censtatd.gov.hk/en/data/stat_report/product/B1120017/att/B1120017052022XXXXB0100.pdf
ea24c8603f147e4eb7c264d0f2b83605	,	https://www.censtatd.gov.hk/en/data/stat_report/product/B1120017/att/B1120017052022XXXXB0100.pdf
4a4d371f381785ff82487069f534e8c2	,	https://www.censtatd.gov.hk/en/data/stat_report/product/B1120017/att/B1120017052022XXXXB0100.pdf
b22076f482c18f2daeb70e8db6e5aef5	,	https://www.censtatd.gov.hk/en/data/stat_report/product/B1120017/att/B1120017052022XXXXB0100.pdf
1298c61c48c7266600dc992051793ba9	,	https://www.censtatd.gov.hk/en/data/stat_report/product/B1120017/att/B1120017052022XXXXB0100.pdf
0690ccf7ab5840c543681c07a8dddfc6	,	https://www.censtatd.gov.hk/en/data/stat_report/product/B1120017/att/B1120017052022XXXXB0100.pdf
491b1538f2fb1a2c839ee6e0558e3652	,	https://www.censtatd.gov.hk/en/data/stat_report/product/B1120017/att/B1120017052022XXXXB0100.pdf
76c339b1f241fcb716eb8f509b602446	,	https://www.censtatd.gov.hk/en/data/stat_report/product/B1120017/att/B1120017052022XXXXB0100.pdf
0a030a09bdff9536f2ffc1ad0cca88c0	,	https://www.censtatd.gov.hk/en/data/stat_report/product/B1120017/att/B1120017052022XXXXB0100.pdf
8acd3a684579a0dcb3b026fb67d358c7	,	https://www.censtatd.gov.hk/en/data/stat_report/product/B1120017/att/B1120017052022XXXXB0100.pdf
78d064d27a27add982432950928c9d91	,	https://www.censtatd.gov.hk/en/data/stat_report/product/C0000016/att/B11302722021XXXXB0100.pdf
e2eb64a3277ec868a73b8d6e0e98b712	,	https://www.censtatd.gov.hk/en/data/stat_report/product/C0000016/att/B11302722021XXXXB0100.pdf
f9126291d314ae327487c41309e569d3	,	https://www.censtatd.gov.hk/en/data/stat_report/product/C0000016/att/B11302722021XXXXB0100.pdf
222805af36faabc15f67ccfc69ad9ba9	,	https://www.censtatd.gov.hk/en/data/stat_report/product/C0000016/att/B11302722021XXXXB0100.pdf
e72b8be9242cc8b1876c2b640a56c7aa	,	https://www.censtatd.gov.hk/en/data/stat_report/product/C0000027/att/B11301572011XXXXB0100.pdf
187f9038a707c198c02bbc2f1d42de3b	,	https://www.censtatd.gov.hk/en/data/stat_report/product/C0000027/att/B11301572011XXXXB0100.pdf
87b18356457eda5e7c7b0d64a47d620a	,	https://www.censtatd.gov.hk/en/data/stat_report/product/C0000016/att/B11302722021XXXXB0100.pdf
007259e753a53e3b8507179ddb766f9a	,	https://www.censtatd.gov.hk/en/data/stat_report/product/C0000016/att/B11302722021XXXXB0100.pdf
53857cb8224fe96a1b78ccd8e82065fb	,	https://www.censtatd.gov.hk/en/data/stat_report/product/C0000069/att/B11301231999XXXXB0100.pdf
77e7cfe60f61ba13bf0583333148458a	,	https://www.censtatd.gov.hk/en/data/stat_report/product/C0000069/att/B11301231999XXXXB0100.pdf
629afd3b9fd67def0d91aa77f59e2cc8	,	https://www.censtatd.gov.hk/en/data/stat_report/product/C0000069/att/B11301231999XXXXB0100.pdf
8108331e9410befea887bf51a21c8ca8	,	https://www.censtatd.gov.hk/en/data/stat_report/product/C0000039/att/B11301292001XXXXB0100.pdf
2aab0dc8acb27ed7d87b8dc55ed0a82e	,	https://www.censtatd.gov.hk/en/data/stat_report/product/C0000039/att/B11301292001XXXXB0100.pdf
ff7f94b524a2e2bf9e8b5420431fba79	,	https://www.censtatd.gov.hk/en/data/stat_report/product/C0000039/att/B11301292001XXXXB0100.pdf
aa82f9db2991f6577d627370e4ec0495	,	https://www.censtatd.gov.hk/en/data/stat_report/product/C0000039/att/B11301292001XXXXB0100.pdf
982389a5ed0cfd54da2b605d86776ea1	,	https://www.censtatd.gov.hk/en/data/stat_report/product/C0000039/att/B11301292001XXXXB0100.pdf
720a68f8b3cfa2ab923a65341dad7803	,	https://www.censtatd.gov.hk/en/data/stat_report/product/C0000039/att/B11301292001XXXXB0100.pdf
b31ab4d05c10ba8888a671a7319648eb	,	https://www.censtatd.gov.hk/en/data/stat_report/product/C0000039/att/B11301292001XXXXB0100.pdf
3e38ebd60fb052bb0565e6af13079410	,	https://www.censtatd.gov.hk/en/data/stat_report/product/C0000039/att/B11301292001XXXXB0100.pdf
cefef18089f321ff8b7e257b8d736ccd	,	https://www.censtatd.gov.hk/en/data/stat_report/product/C0000039/att/B11301292001XXXXB0100.pdf
57bcc0c27b6d3e57daf41330913847a1	,	https://www.censtatd.gov.hk/en/data/stat_report/product/C0000030/att/B11302422009XXXXB0100.pdf
9881a2d53d543f04ff0d57afbf967cb3	,	https://www.censtatd.gov.hk/en/data/stat_report/product/C0000030/att/B11302422009XXXXB0100.pdf
d84c11644f8f487f3944d80dbb92811d	,	https://www.censtatd.gov.hk/en/data/stat_report/product/C0000030/att/B11302422009XXXXB0100.pdf
b85f9d86ce40b0e32d057d1ec941440d	,	https://www.censtatd.gov.hk/en/data/stat_report/product/C0000030/att/B11302422009XXXXB0100.pdf
91cf6f6353f611dc57c4927192aff007	,	https://www.censtatd.gov.hk/en/data/stat_report/product/C0000030/att/B11302422009XXXXB0100.pdf
cb561802aa9ba68a2defc28c3c85fe90	,	https://www.censtatd.gov.hk/en/data/stat_report/product/C0000030/att/B11302422009XXXXB0100.pdf
8c55cfd7a1505249499a15aac6ebefec	,	https://www.censtatd.gov.hk/en/data/stat_report/product/C0000030/att/B11302422009XXXXB0100.pdf
03390bec67e9b5e0c44a600be449c125	,	https://www.censtatd.gov.hk/en/data/stat_report/product/C0000030/att/B11302422009XXXXB0100.pdf
94b5f23fee9ad3b2cdb49652080afe16	,	https://www.censtatd.gov.hk/en/data/stat_report/product/B1030003/att/B10300032012XXXXB0100.pdf
421b01972d18daf1a7fde1b4501c6e8e	,	https://www.censtatd.gov.hk/en/data/stat_report/product/B1030003/att/B10300032012XXXXB0100.pdf
f669c474803676042b15f245d8302b4e	,	https://www.censtatd.gov.hk/en/data/stat_report/product/B1030003/att/B10300032012XXXXB0100.pdf
1eca33d2943e31fcf7f636a158c05d63	,	https://www.censtatd.gov.hk/en/data/stat_report/product/B1030003/att/B10300032012XXXXB0100.pdf
e5c0d96b110cab4f9043dcd7aca0edb3	,	https://www.censtatd.gov.hk/en/data/stat_report/product/B1030003/att/B10300032012XXXXB0100.pdf
07988989b1ed26b262139e181ef16a26	,	https://www.censtatd.gov.hk/en/data/stat_report/product/B1030003/att/B10300032012XXXXB0100.pdf
8e670fd32d42ae1c3d70d6358528c6d7	,	https://www.censtatd.gov.hk/en/data/stat_report/product/FA000004/att/B72007FB2020XXXXB0100.pdf
f692350b0b86239fc8a0d7bfc47086b2	,	https://www.censtatd.gov.hk/en/data/stat_report/product/FA100268/att/B71511FB2015XXXXB0100.pdf
de12d10488589b0ad68a5fc71bb1e7b1	,	https://www.censtatd.gov.hk/en/data/stat_report/product/FA100268/att/B71511FB2015XXXXB0100.pdf
6c2074bd4dbcf32df3ebe0e6ce9b718a	,	https://www.censtatd.gov.hk/en/data/stat_report/product/FA100268/att/B71511FB2015XXXXB0100.pdf
f0602a495073a1909370efaf8be1c148	,	https://www.censtatd.gov.hk/en/data/stat_report/product/FA100077/att/B71208FA2012XXXXB0100.pdf
865c481ac8bf92241eb88d66b80260a0	,	https://www.censtatd.gov.hk/en/data/stat_report/product/FA100077/att/B71208FA2012XXXXB0100.pdf
01cde92ad1ef18e12d4526bd9aa14883	,	https://www.censtatd.gov.hk/en/data/stat_report/product/FA100077/att/B71208FA2012XXXXB0100.pdf
11af4366eed3d7c0ad18e10a370cf49a	,	https://www.censtatd.gov.hk/en/data/stat_report/product/FA100077/att/B71208FA2012XXXXB0100.pdf
ea5e8edbe4a0d60acb6da153da25677b	,	https://www.censtatd.gov.hk/en/data/stat_report/product/FA100077/att/B71208FA2012XXXXB0100.pdf
239e7f9759dc4dcb3fe3e8e175cfa61a	,	https://www.censtatd.gov.hk/en/data/stat_report/product/FA100077/att/B71208FA2012XXXXB0100.pdf
ef3ee1e182a9de571828755a28609bcb	,	https://www.censtatd.gov.hk/en/data/stat_report/product/FA100077/att/B71208FA2012XXXXB0100.pdf
384305ecb3a6af8384cd574ab70c9810	,	https://www.censtatd.gov.hk/en/data/stat_report/product/FA100077/att/B71208FA2012XXXXB0100.pdf
e4a3b84b74adb2e8e102b06dfbfca8bc	,	https://www.censtatd.gov.hk/en/data/stat_report/product/FA100077/att/B71208FA2012XXXXB0100.pdf
4635fe1a8010f378353d038aac9ccae6	,	https://www.censtatd.gov.hk/en/data/stat_report/product/FA100077/att/B71208FA2012XXXXB0100.pdf
d05c0fbb1cc394d52dd386901bfdbdcf	,	https://www.censtatd.gov.hk/en/data/stat_report/product/FA100077/att/B71208FA2012XXXXB0100.pdf
12588b523519818d76a56fb5628999b9	,	https://www.censtatd.gov.hk/en/data/stat_report/product/FA100077/att/B71208FA2012XXXXB0100.pdf
f336f7a043e896f2a3a586a3324f71e8	,	https://www.censtatd.gov.hk/en/data/stat_report/product/FA100026/att/B71207FA2012XXXXB0100.pdf
bb17f4cb342bd47a8b42f8f042be28db	,	https://www.censtatd.gov.hk/en/data/stat_report/product/FA100026/att/B71207FA2012XXXXB0100.pdf
97885051329446f792e7694a17b5b4b4	,	https://www.censtatd.gov.hk/en/data/stat_report/product/FA100037/att/B70609FC2006XXXXB0100.pdf
5909eb455d42545437e3f4a7ee75645f	,	https://www.censtatd.gov.hk/en/data/stat_report/product/FA100037/att/B70609FC2006XXXXB0100.pdf
39c18faea17159e977fda6c541e71c9f	,	https://www.censtatd.gov.hk/en/data/stat_report/product/FA100037/att/B70609FC2006XXXXB0100.pdf
1dbb7c54edcac4408b89fc511ea1781a	,	https://www.censtatd.gov.hk/en/data/stat_report/product/FA100037/att/B70609FC2006XXXXB0100.pdf
be9ba51d7cce6567aee6e568914b8843	,	https://www.censtatd.gov.hk/en/data/stat_report/product/FA000003/att/B70508FB2005XXXXB0100.pdf
4e23db3f35221b55617abd49aa75515f	,	https://www.censtatd.gov.hk/en/data/stat_report/product/FA000003/att/B70508FB2005XXXXB0100.pdf
52b978fe9605b5eb4be78aced7b2d88a	,	https://www.censtatd.gov.hk/en/data/stat_report/product/FA100107/att/B70308FB2003XXXXB0100.pdf
afeee17235ab4efbbab0ca262a79ec9e	,	https://www.censtatd.gov.hk/en/data/stat_report/product/FA100107/att/B70308FB2003XXXXB0100.pdf
a98786ab6acbd2216d60897f2a21c77b	,	https://www.censtatd.gov.hk/en/data/stat_report/product/FA100107/att/B70308FB2003XXXXB0100.pdf
f566ca3c2cf14508e490bb4cf409cec2	,	https://www.censtatd.gov.hk/en/data/stat_report/product/FA100107/att/B70308FB2003XXXXB0100.pdf
87bcccec0d8b2ac65682b4d15988fa6e	,	https://www.censtatd.gov.hk/en/data/stat_report/product/FA100107/att/B70308FB2003XXXXB0100.pdf
ad5fec34119c0bab7647a0a30aca098e	,	https://www.censtatd.gov.hk/en/data/stat_report/product/FA100190/att/B70212FA2002XXXXB0100.pdf
d7e5349e51df64079ab7e269b6d4b4f4	,	https://www.censtatd.gov.hk/en/data/stat_report/product/FA100225/att/B79907FB1999XXXXB0100.pdf
c4154eac4878f3dc196a010a3744e66c	,	https://www.censtatd.gov.hk/en/data/stat_report/product/FA100225/att/B79907FB1999XXXXB0100.pdf
c08745d3b51eb7668acd67685097b473	,	https://www.censtatd.gov.hk/en/data/stat_report/product/FA100225/att/B79907FB1999XXXXB0100.pdf
f3c85b3f28fb4274baee44ea41688775	,	https://www.censtatd.gov.hk/en/data/stat_report/product/FA100225/att/B79907FB1999XXXXB0100.pdf
be8379f74f29a5891df7c56482e8a6a0	,	https://www.censtatd.gov.hk/en/data/stat_report/product/FA100176/att/B79804FA1998XXXXB0100.pdf
1eae8b58c064ac60a960470dbc4d7946	,	https://www.censtatd.gov.hk/en/data/stat_report/product/FA100176/att/B79804FA1998XXXXB0100.pdf
4e7c8084439984863174e4d92ba2670c	,	https://www.censtatd.gov.hk/en/data/stat_report/product/FA100176/att/B79804FA1998XXXXB0100.pdf
ad29d31a4bea160e3491fdd77c04e7d1	,	https://www.censtatd.gov.hk/en/data/stat_report/product/FA100176/att/B79804FA1998XXXXB0100.pdf
f4b4b252ab3161cbf0eaa4b19f282081	,	https://www.censtatd.gov.hk/en/data/stat_report/product/FA100176/att/B79804FA1998XXXXB0100.pdf
ee5d49f541608aad6f51c0c4ab0bf5bf	,	https://www.censtatd.gov.hk/en/data/stat_report/product/FA100177/att/B79609FA1996XXXXB0100.pdf
679b19a86da2d9a5e76c3df4c9c5f59d	,	https://www.censtatd.gov.hk/en/data/stat_report/product/B1060002/att/B10600022021AN21B0100.pdf
49269cb8f72dd678f70b6aac09354c56	,	https://www.censtatd.gov.hk/en/data/stat_report/product/B1060002/att/B10600022021AN21B0100.pdf
74d922ea97be37d4280218dc290cbca5	,	https://www.censtatd.gov.hk/en/data/stat_report/product/B1060002/att/B10600022021AN21B0100.pdf
2761a993897930ef03482fbc978db40e	,	https://www.censtatd.gov.hk/en/data/stat_report/product/B1060002/att/B10600022021AN21B0100.pdf
47040c33e1797f7cede651796f06f0f8	,	https://www.censtatd.gov.hk/en/data/stat_report/product/B1060002/att/B10600022021AN21B0100.pdf
45c591354598b487f306464a2f6c8208	,	https://www.censtatd.gov.hk/en/data/stat_report/product/B1060002/att/B10600022021AN21B0100.pdf
945c10761233ecbc394d9ec7e7510b38	,	https://www.censtatd.gov.hk/en/data/stat_report/product/B1060002/att/B10600022021AN21B0100.pdf
788ffc491c27fd3075f31db293fd38a2	,	https://www.censtatd.gov.hk/en/data/stat_report/product/B1060003/att/B10600082020XXXXB0100.pdf
dd7c9e052a6b111dd99dd72ab0bc41ce	,	https://www.censtatd.gov.hk/en/data/stat_report/product/B1060003/att/B10600082020XXXXB0100.pdf
d54ad9ad934a6ba8435b9c146c32a5f7	,	https://www.censtatd.gov.hk/en/data/stat_report/product/B1060003/att/B10600082020XXXXB0100.pdf
d8667b6b7f68d481e6245aad1aa46cad	,	https://www.censtatd.gov.hk/en/data/stat_report/product/B1060003/att/B10600082020XXXXB0100.pdf
233b4b0da901754e1aefb9a9e05d385f	,	https://www.censtatd.gov.hk/en/data/stat_report/product/B1060003/att/B10600082020XXXXB0100.pdf
817fa02032935370f0f3857ce80eaec8	,	https://www.censtatd.gov.hk/en/data/stat_report/product/B1060003/att/B10600082020XXXXB0100.pdf
98d6d6ba428d144ac8da633b3a957ac3	,	https://www.censtatd.gov.hk/en/data/stat_report/product/B1060003/att/B10600082020XXXXB0100.pdf
6f646ae36874fead685f3a3ba720cebf	,	https://www.censtatd.gov.hk/en/data/stat_report/product/B1060003/att/B10600082020XXXXB0100.pdf
0cc2c040b609e782ba5f8b3f5e06144c.png	,	https://www.smokefree.hk/uploadedFile2/trend_pdf/Thematic_Household_Survey_No48.pdf
3a01e0b99af6375bd3a8021d9238370b.png	,	https://www.smokefree.hk/uploadedFile2/trend_pdf/Thematic_Household_Survey_No48.pdf
912bb91ea18f50ceff2a05aa8a6be0a9.png	,	https://www.smokefree.hk/uploadedFile2/trend_pdf/Thematic_Household_Survey_No48.pdf
09a37a8561b56dae165af963264df59f.png	,	https://www.rvd.gov.hk/doc/tc/hkpr25/HKPR2025_Fullbook_TC.pdf
256b3eef926eae987c96c31c133288a8.png	,	https://www.rvd.gov.hk/doc/tc/hkpr25/HKPR2025_Fullbook_TC.pdf
976a67c98290b3d7122dd84038c55f8e.png	,	https://www.rvd.gov.hk/doc/tc/hkpr25/HKPR2025_Fullbook_TC.pdf
ae27126b4f09432da162fdac63272aa0.png	,	https://www.rvd.gov.hk/doc/tc/hkpr25/HKPR2025_Fullbook_TC.pdf
ae53c2add7d16b980addb5579f705b03.png	,	https://www.rvd.gov.hk/doc/tc/hkpr25/HKPR2025_Fullbook_TC.pdf
aee8fd3f145db1c41ab7809a6299d857.png	,	https://www.rvd.gov.hk/doc/tc/hkpr25/HKPR2025_Fullbook_TC.pdf
bb9bab4ed0fcacfcdb223d5ae6333179.png	,	https://www.rvd.gov.hk/doc/tc/hkpr25/HKPR2025_Fullbook_TC.pdf
c5ad1403b86baf4dbc509b5deffd818d.png	,	https://www.rvd.gov.hk/doc/tc/hkpr25/HKPR2025_Fullbook_TC.pdf
c7b856446bafc9bfbe27be32b5f6336c.png	,	https://www.rvd.gov.hk/doc/tc/hkpr25/HKPR2025_Fullbook_TC.pdf
eb9ac74507cc53aabb565cae159121a4.png	,	https://www.rvd.gov.hk/doc/tc/hkpr25/HKPR2025_Fullbook_TC.pdf
1cedef0076e7ed7b28b1ef1d2d0101e5.png	,	https://www.censtatd.gov.hk/en/data/stat_report/product/B1130201/att/B11302322007XXXXB0100.pdf
53d10574c9c0a2601090ede484ea6e41.png	,	https://www.censtatd.gov.hk/en/data/stat_report/product/B1130201/att/B11302322007XXXXB0100.pdf
5d49dd8319010b9de935c925f581a5fc.png	,	https://www.censtatd.gov.hk/en/data/stat_report/product/B1130201/att/B11302322007XXXXB0100.pdf
72e8d4fe5d9eac194da1f22b2790580c.png	,	https://www.censtatd.gov.hk/en/data/stat_report/product/B1130201/att/B11302322007XXXXB0100.pdf
99cb5c15767cb41d1097f6fcdc1febe5.png	,	https://www.censtatd.gov.hk/en/data/stat_report/product/B1130201/att/B11302322007XXXXB0100.pdf
a1086449eace4ce2bb830af16b7d5a88.png	,	https://www.censtatd.gov.hk/en/data/stat_report/product/B1130201/att/B11302322007XXXXB0100.pdf
a221491d36f5c6eddf2be2e0105be825.png	,	https://www.censtatd.gov.hk/en/data/stat_report/product/B1130201/att/B11302322007XXXXB0100.pdf
c31957ecc7b0dda8d42e2dde0d4b4d64.png	,	https://www.censtatd.gov.hk/en/data/stat_report/product/B1130201/att/B11302322007XXXXB0100.pdf
dacc950d8168067038c3885fef017461.png	,	https://www.censtatd.gov.hk/en/data/stat_report/product/B1130201/att/B11302322007XXXXB0100.pdf
e2b6f4cd69d82ca2ae0ff8fb008075a8.png	,	https://www.censtatd.gov.hk/en/data/stat_report/product/B1130201/att/B11302322007XXXXB0100.pdf
e57d44e20592c0cfb5a0e1f28bb10890.png	,	https://www.censtatd.gov.hk/en/data/stat_report/product/B1130201/att/B11302322007XXXXB0100.pdf
1b6d8d56b7fb5ec7e450ce604b7fd480.png	,	https://www.censtatd.gov.hk/en/data/stat_report/product/B1130121/att/B11301392005XXXXB0100.pdf
3f22a53c04a83d72c09b7ba255469d4b.png	,	https://www.censtatd.gov.hk/en/data/stat_report/product/B1130121/att/B11301392005XXXXB0100.pdf
40ccacf0bca80d6b5b58683e61975837.png	,	https://www.censtatd.gov.hk/en/data/stat_report/product/B1130121/att/B11301392005XXXXB0100.pdf
61643fa364036a07c8bd01bba2c2c5c2.png	,	https://www.censtatd.gov.hk/en/data/stat_report/product/B1130121/att/B11301392005XXXXB0100.pdf
7fc767b4547ee1e5a21bc0532fb60433.png	,	https://www.censtatd.gov.hk/en/data/stat_report/product/B1130121/att/B11301392005XXXXB0100.pdf
be8813a14608c3f48ce5df86c1745d2a.png	,	https://www.censtatd.gov.hk/en/data/stat_report/product/B1130121/att/B11301392005XXXXB0100.pdf
e3a9a31833f79c333388dbc4aeab602f.png	,	https://www.censtatd.gov.hk/en/data/stat_report/product/B1130121/att/B11301392005XXXXB0100.pdf
1c7e32d58bdaec41cf9203a5538df8c3.png	,	https://pweb.fbe.hku.hk/analytics/CBECMarketResearch2023Chi.pdf
1d7b4d62963b700be8a2641ae0fb31d6.png	,	https://pweb.fbe.hku.hk/analytics/CBECMarketResearch2023Chi.pdf
418b283adaae54a75120337324e7e6c4.png	,	https://pweb.fbe.hku.hk/analytics/CBECMarketResearch2023Chi.pdf
767b99fc76433b91a22e5bbdd5d5469c.png	,	https://pweb.fbe.hku.hk/analytics/CBECMarketResearch2023Chi.pdf
785c6945a6eaea647d4887c2dda74fe5.png	,	https://pweb.fbe.hku.hk/analytics/CBECMarketResearch2023Chi.pdf
843288e1f5551c29738a2a56d4182531.png	,	https://pweb.fbe.hku.hk/analytics/CBECMarketResearch2023Chi.pdf
b0767e9a870a5b2e5617cab96e5c8360.png	,	https://pweb.fbe.hku.hk/analytics/CBECMarketResearch2023Chi.pdf
cda0d74a418662fd2b42116f76b0d4f1.png	,	https://pweb.fbe.hku.hk/analytics/CBECMarketResearch2023Chi.pdf
20e88240032f1e80ec4d0e3867906915.png	,	https://sedirectory.org.hk/sites/default/files/general/2015.pdf
3cc3570cbd3051430cb8fadd9d7948eb.png	,	https://sedirectory.org.hk/sites/default/files/general/2015.pdf
3d871eb0370ae3e8ebabd4078dc5586a.png	,	https://sedirectory.org.hk/sites/default/files/general/2015.pdf
57a63680960f5b9ebf40a6e2b3ffce82.png	,	https://sedirectory.org.hk/sites/default/files/general/2015.pdf
5fc430c8b20470b86124d4531bbdd661.png	,	https://sedirectory.org.hk/sites/default/files/general/2015.pdf
63d6cdd7bcbb11d5f5e65c28b59a30ca.png	,	https://sedirectory.org.hk/sites/default/files/general/2015.pdf
77e65ed334b3ba772a8c8d87f1a55f7b.png	,	https://sedirectory.org.hk/sites/default/files/general/2015.pdf
7acc13848cb643cd4ac1f1a3b8a007ed.png	,	https://sedirectory.org.hk/sites/default/files/general/2015.pdf
a500bfbcb487779850c8a836a09c5510.png	,	https://sedirectory.org.hk/sites/default/files/general/2015.pdf
025d627e7eaccbe195910bf6f46a60a0.png	,	https://www.smefund.tid.gov.hk/english/tsf/deliverables/t19003007_interim_market_research_report.pdf
10809dba63eb5f84566dbe0e0c6b60d4.png	,	https://www.smefund.tid.gov.hk/english/tsf/deliverables/t19003007_interim_market_research_report.pdf
130f5abf097fea2f9e23cf82506c2d3e.png	,	https://www.smefund.tid.gov.hk/english/tsf/deliverables/t19003007_interim_market_research_report.pdf
146b257308c5646ab7832a91b6901c2f.png	,	https://www.smefund.tid.gov.hk/english/tsf/deliverables/t19003007_interim_market_research_report.pdf
17f6a5eb8b498d6a4ad9b1c0c5a5de01.png	,	https://www.smefund.tid.gov.hk/english/tsf/deliverables/t19003007_interim_market_research_report.pdf
1b101318a847711c0398dc9ebf0013aa.png	,	https://www.smefund.tid.gov.hk/english/tsf/deliverables/t19003007_interim_market_research_report.pdf
20abb9f1e104b42d5591110411d835a6.png	,	https://www.smefund.tid.gov.hk/english/tsf/deliverables/t19003007_interim_market_research_report.pdf
224a88f4e390b8bdf4605c31f870f69e.png	,	https://www.smefund.tid.gov.hk/english/tsf/deliverables/t19003007_interim_market_research_report.pdf
247423ba836211dcf142c7b8be647541.png	,	https://www.smefund.tid.gov.hk/english/tsf/deliverables/t19003007_interim_market_research_report.pdf
2a3914c992fa68fd6d046871c2e8059a.png	,	https://www.smefund.tid.gov.hk/english/tsf/deliverables/t19003007_interim_market_research_report.pdf
2daf21aaf171f2c8d5207124ca2280ec.png	,	https://www.smefund.tid.gov.hk/english/tsf/deliverables/t19003007_interim_market_research_report.pdf
2f2af395bde3041faf70acb21c13f8d6.png	,	https://www.smefund.tid.gov.hk/english/tsf/deliverables/t19003007_interim_market_research_report.pdf
3ea6dd8d7ad9a09cfdce82c9a3bf6d07.png	,	https://www.smefund.tid.gov.hk/english/tsf/deliverables/t19003007_interim_market_research_report.pdf
4117d62549f2aedcb6a87f2b3c2a59de.png	,	https://www.smefund.tid.gov.hk/english/tsf/deliverables/t19003007_interim_market_research_report.pdf
446ee2e606230608694f6ed8a6cfe5e1.png	,	https://www.smefund.tid.gov.hk/english/tsf/deliverables/t19003007_interim_market_research_report.pdf
46cb723adf38410b53d9ba636f2a1dff.png	,	https://www.smefund.tid.gov.hk/english/tsf/deliverables/t19003007_interim_market_research_report.pdf
4c0a0604846456c2bd0223a91fd3ce5f.png	,	https://www.smefund.tid.gov.hk/english/tsf/deliverables/t19003007_interim_market_research_report.pdf
4e24e396c60931def35123961bbbdaea.png	,	https://www.smefund.tid.gov.hk/english/tsf/deliverables/t19003007_interim_market_research_report.pdf
4f1225cac118e027992c72af8a49c84d.png	,	https://www.smefund.tid.gov.hk/english/tsf/deliverables/t19003007_interim_market_research_report.pdf
4f8bbaa890aab8a7557fa084b9400e95.png	,	https://www.smefund.tid.gov.hk/english/tsf/deliverables/t19003007_interim_market_research_report.pdf
4fb0e6ae768d728d1a53c012186e6bc7.png	,	https://www.smefund.tid.gov.hk/english/tsf/deliverables/t19003007_interim_market_research_report.pdf
52c1842946b9f8ecb4eb8db1e1900d63.png	,	https://www.smefund.tid.gov.hk/english/tsf/deliverables/t19003007_interim_market_research_report.pdf
558af5058d74c466614abb2179fd8a29.png	,	https://www.smefund.tid.gov.hk/english/tsf/deliverables/t19003007_interim_market_research_report.pdf
64b5f0b33414ce114a09297e435a503f.png	,	https://www.smefund.tid.gov.hk/english/tsf/deliverables/t19003007_interim_market_research_report.pdf
8772e81ceb4996d3d7d841fb2432a888.png	,	https://www.smefund.tid.gov.hk/english/tsf/deliverables/t19003007_interim_market_research_report.pdf
8ac5f22ea4254642fe2fd488f3c8cbee.png	,	https://www.smefund.tid.gov.hk/english/tsf/deliverables/t19003007_interim_market_research_report.pdf
8cd585e11c6599c70d3651174dd48c11.png	,	https://www.smefund.tid.gov.hk/english/tsf/deliverables/t19003007_interim_market_research_report.pdf
8e79de18d970baae33fe7baaeb7920d3.png	,	https://www.smefund.tid.gov.hk/english/tsf/deliverables/t19003007_interim_market_research_report.pdf
8fc304841c76c6f54d35944065d3ea83.png	,	https://www.smefund.tid.gov.hk/english/tsf/deliverables/t19003007_interim_market_research_report.pdf
93b56c40e26df63b591a437d8e2522de.png	,	https://www.smefund.tid.gov.hk/english/tsf/deliverables/t19003007_interim_market_research_report.pdf
9ac5560ebfb83c15245ea9a797b06f17.png	,	https://www.smefund.tid.gov.hk/english/tsf/deliverables/t19003007_interim_market_research_report.pdf
9ed7b87b07f3cb5b1e267f82cc7769c5.png	,	https://www.smefund.tid.gov.hk/english/tsf/deliverables/t19003007_interim_market_research_report.pdf
a44948bf28e716a5281fdd86372af1ef.png	,	https://www.smefund.tid.gov.hk/english/tsf/deliverables/t19003007_interim_market_research_report.pdf
a7b3e6351f63893a41b4bccddec8bb67.png	,	https://www.smefund.tid.gov.hk/english/tsf/deliverables/t19003007_interim_market_research_report.pdf
ad0bff79ca555502519682c0d6e838fb.png	,	https://www.smefund.tid.gov.hk/english/tsf/deliverables/t19003007_interim_market_research_report.pdf
ada741f607d19b2c73159057318c3bcf.png	,	https://www.smefund.tid.gov.hk/english/tsf/deliverables/t19003007_interim_market_research_report.pdf
b016da9678343856dcfc42b18df8d7ef.png	,	https://www.smefund.tid.gov.hk/english/tsf/deliverables/t19003007_interim_market_research_report.pdf
b9c65da2f228770c4d8e35214a18c84d.png	,	https://www.smefund.tid.gov.hk/english/tsf/deliverables/t19003007_interim_market_research_report.pdf
bbf040153e017b66cf7deb508d2f9bb2.png	,	https://www.smefund.tid.gov.hk/english/tsf/deliverables/t19003007_interim_market_research_report.pdf
c31e9e518607032b311257d12e9de450.png	,	https://www.smefund.tid.gov.hk/english/tsf/deliverables/t19003007_interim_market_research_report.pdf
c9178192d6c32b60b58aba9b1e98d47e.png	,	https://www.smefund.tid.gov.hk/english/tsf/deliverables/t19003007_interim_market_research_report.pdf
ca6357f54cf765f80102e64934026845.png	,	https://www.smefund.tid.gov.hk/english/tsf/deliverables/t19003007_interim_market_research_report.pdf
d4567ebc041b9c2bf92d66582f7ba352.png	,	https://www.smefund.tid.gov.hk/english/tsf/deliverables/t19003007_interim_market_research_report.pdf
dbad31360f6c9ddf999870e45725cfa2.png	,	https://www.smefund.tid.gov.hk/english/tsf/deliverables/t19003007_interim_market_research_report.pdf
eeb4940379e18bde8355b7bcfca79c97.png	,	https://www.smefund.tid.gov.hk/english/tsf/deliverables/t19003007_interim_market_research_report.pdf
f1a00a328cfcbfe716eeac6edd9a82ca.png	,	https://www.smefund.tid.gov.hk/english/tsf/deliverables/t19003007_interim_market_research_report.pdf
0c15995206c9baff529dedb63329ac6c.png	,	https://www.hkex.com.hk/-/media/HKEX-Market/News/Research-Reports/HKEX-Surveys/Cash-Market-Transaction-Survey-2019/CMTS2019_c.pdf
0c99821efbadf9a3daadf6525d76e52c.png	,	https://www.hkex.com.hk/-/media/HKEX-Market/News/Research-Reports/HKEX-Surveys/Cash-Market-Transaction-Survey-2019/CMTS2019_c.pdf
1277002bdee80c6bc08ebb4facc572ec.png	,	https://www.hkex.com.hk/-/media/HKEX-Market/News/Research-Reports/HKEX-Surveys/Cash-Market-Transaction-Survey-2019/CMTS2019_c.pdf
4712c776fbe7f877692a5a7a74c01c22.png	,	https://www.hkex.com.hk/-/media/HKEX-Market/News/Research-Reports/HKEX-Surveys/Cash-Market-Transaction-Survey-2019/CMTS2019_c.pdf
7171e073cf94929fa3bb6c40eb7cdcaf.png	,	https://www.hkex.com.hk/-/media/HKEX-Market/News/Research-Reports/HKEX-Surveys/Cash-Market-Transaction-Survey-2019/CMTS2019_c.pdf
c06a51051b1540b1b2c80ff96a3e11fe.png	,	https://www.hkex.com.hk/-/media/HKEX-Market/News/Research-Reports/HKEX-Surveys/Cash-Market-Transaction-Survey-2019/CMTS2019_c.pdf
c7479b0da3460ec85b48caf36dc9e214.png	,	https://www.hkex.com.hk/-/media/HKEX-Market/News/Research-Reports/HKEX-Surveys/Cash-Market-Transaction-Survey-2019/CMTS2019_c.pdf
5e0b639d6f34d617ce99ad316ecab3bc.png	,	https://www.cma.org.hk/uploads/ckfinder/files/Research/%E7%B6%93%E8%B2%BF%E6%99%82%E4%BA%8B%E8%A9%95%E8%AB%962024%E5%B9%B4%E7%AC%AC%E5%8D%81%E4%B8%83%E6%9C%9F%28%E7%B8%BD%E7%AC%AC405%E6%9C%9F%29%281%29.pdf
897e7be1f84d61e8bd70a6ca9a0820bb.png	,	https://www.cma.org.hk/uploads/ckfinder/files/Research/%E7%B6%93%E8%B2%BF%E6%99%82%E4%BA%8B%E8%A9%95%E8%AB%962024%E5%B9%B4%E7%AC%AC%E5%8D%81%E4%B8%83%E6%9C%9F%28%E7%B8%BD%E7%AC%AC405%E6%9C%9F%29%281%29.pdf
a859bc6a7e05d01aedad20ca9554567f.png	,	https://www.cma.org.hk/uploads/ckfinder/files/Research/%E7%B6%93%E8%B2%BF%E6%99%82%E4%BA%8B%E8%A9%95%E8%AB%962024%E5%B9%B4%E7%AC%AC%E5%8D%81%E4%B8%83%E6%9C%9F%28%E7%B8%BD%E7%AC%AC405%E6%9C%9F%29%281%29.pdf
f2214a3859ecb5872742bc9b492cef3f.png	,	https://www.cma.org.hk/uploads/ckfinder/files/Research/%E7%B6%93%E8%B2%BF%E6%99%82%E4%BA%8B%E8%A9%95%E8%AB%962024%E5%B9%B4%E7%AC%AC%E5%8D%81%E4%B8%83%E6%9C%9F%28%E7%B8%BD%E7%AC%AC405%E6%9C%9F%29%281%29.pdf
0c9b615b93a6e1e389d6fc43509c2c8a.png	,	https://www.hkma.gov.hk/media/chi/publications-and-research/quarterly-bulletin/qb201912/fa1.pdf
1d1d0e4e80a38cba6ff3aa175f61e88f.png	,	https://www.hkma.gov.hk/media/chi/publications-and-research/quarterly-bulletin/qb201912/fa1.pdf
324ab874668fa2b8787296f15b5cc12f.png	,	https://www.hkma.gov.hk/media/chi/publications-and-research/quarterly-bulletin/qb201912/fa1.pdf
482b4dc54778563ba7fc6559e7369ed4.png	,	https://www.hkma.gov.hk/media/chi/publications-and-research/quarterly-bulletin/qb201912/fa1.pdf
9d92cfc1a70e2cac6e5c86c5d69550ca.png	,	https://www.hkma.gov.hk/media/chi/publications-and-research/quarterly-bulletin/qb201912/fa1.pdf
c8d40232e1dacf95a4770f3d93d21d95.png	,	https://www.hkma.gov.hk/media/chi/publications-and-research/quarterly-bulletin/qb201912/fa1.pdf
f2af84370c1f0997bdaf6d431f9150e7.png	,	https://www.hkma.gov.hk/media/chi/publications-and-research/quarterly-bulletin/qb201912/fa1.pdf
107d3f2033a0e02c729e12ab40b22abf.png , https://www.chp.gov.hk/files/pdf/dh_hbs_2023_report_chi.pdf
17e9ca09d03d4a4c39fcc3e47248f26c.png , https://www.chp.gov.hk/files/pdf/dh_hbs_2023_report_chi.pdf
338e3ae42cb0f78303a8054ed3e49913.png , https://www.chp.gov.hk/files/pdf/dh_hbs_2023_report_chi.pdf
34b2ba23ad419e2b11529f3bae8abea7.png , https://www.chp.gov.hk/files/pdf/dh_hbs_2023_report_chi.pdf
3ee3fea2db3c2b6ff2b166797b329b07.png , https://www.chp.gov.hk/files/pdf/dh_hbs_2023_report_chi.pdf
534c88e0d222709e54d849865d17990a.png , https://www.chp.gov.hk/files/pdf/dh_hbs_2023_report_chi.pdf
56c190ced6d0f863b45396c60abf0d2e.png , https://www.chp.gov.hk/files/pdf/dh_hbs_2023_report_chi.pdf
8f100a98f4d9a2f3aa08914ac1196aa0.png , https://www.chp.gov.hk/files/pdf/dh_hbs_2023_report_chi.pdf
91a052d96a772419a8bfd855391daaa7.png , https://www.chp.gov.hk/files/pdf/dh_hbs_2023_report_chi.pdf
c0eb71f5606a445764a5a090b68464b8.png , https://www.chp.gov.hk/files/pdf/dh_hbs_2023_report_chi.pdf
e1ee54d28b0828031bca37f352221cd0.png , https://www.chp.gov.hk/files/pdf/dh_hbs_2023_report_chi.pdf
e40cc5fd248fb1e0b189a11ab3b8192e.png , https://www.chp.gov.hk/files/pdf/dh_hbs_2023_report_chi.pdf
e91c645645a7354b7f31097485d10dab.png , https://www.chp.gov.hk/files/pdf/dh_hbs_2023_report_chi.pdf
3381461bcfa896edb3cdd0d5b5ee0977.png , https://www.oxfam.org.hk/tc/f/news_and_publication/115439/POVERTy%20Rerport%202024_Eng.pdf
6a55ee864e33801fbad2e586e86cbdf4.png , https://www.oxfam.org.hk/tc/f/news_and_publication/115439/POVERTy%20Rerport%202024_Eng.pdf
7332622c5df2b0caa0940c6c559612f6.png , https://www.oxfam.org.hk/tc/f/news_and_publication/115439/POVERTy%20Rerport%202024_Eng.pdf
5ba8901fa6f6eea09adb0ae771add2bd.png , https://soco.org.hk/wp-content/uploads/2014/10/20240526-soco-%E5%9C%96%E8%A1%A8report-%E5%8A%A3%E8%B3%AA%E5%8A%8F%E6%88%BF%E7%A0%94%E7%A9%B6%E8%AA%BF%E6%9F%A5.pdf
65b731c1d0c4708af7668c6cf6500bca.png , https://soco.org.hk/wp-content/uploads/2014/10/20240526-soco-%E5%9C%96%E8%A1%A8report-%E5%8A%A3%E8%B3%AA%E5%8A%8F%E6%88%BF%E7%A0%94%E7%A9%B6%E8%AA%BF%E6%9F%A5.pdf
744faf4efeeac9d9915600a018e904b0.png , https://soco.org.hk/wp-content/uploads/2014/10/20240526-soco-%E5%9C%96%E8%A1%A8report-%E5%8A%A3%E8%B3%AA%E5%8A%8F%E6%88%BF%E7%A0%94%E7%A9%B6%E8%AA%BF%E6%9F%A5.pdf
82ec2785c64c4e261a558f341e8b94af.png , https://soco.org.hk/wp-content/uploads/2014/10/20240526-soco-%E5%9C%96%E8%A1%A8report-%E5%8A%A3%E8%B3%AA%E5%8A%8F%E6%88%BF%E7%A0%94%E7%A9%B6%E8%AA%BF%E6%9F%A5.pdf
95acd763eec74d4b19ddfda86a584a52.png , https://soco.org.hk/wp-content/uploads/2014/10/20240526-soco-%E5%9C%96%E8%A1%A8report-%E5%8A%A3%E8%B3%AA%E5%8A%8F%E6%88%BF%E7%A0%94%E7%A9%B6%E8%AA%BF%E6%9F%A5.pdf
0960e3555a90f75e7c9a59e01c89dbf2.png , https://www.statistics.gov.hk/pub/B1010005012008XXXXB1300.pdf
09ed9c08d18265b0776e9e211601260d.png , https://www.statistics.gov.hk/pub/B1010005012008XXXXB1300.pdf
0c57eb72c79c5e06bcc854540158dacf.png , https://www.statistics.gov.hk/pub/B1010005012008XXXXB1300.pdf
0d285c3e91ae00f6ac76d108e3def3f1.png , https://www.statistics.gov.hk/pub/B1010005012008XXXXB1300.pdf
2508cb11bec92ee83bef78de1878c786.png , https://www.statistics.gov.hk/pub/B1010005012008XXXXB1300.pdf
262e6f177e1b02496e4d13464405cfac.png , https://www.statistics.gov.hk/pub/B1010005012008XXXXB1300.pdf
2829f7b3256dac8cedf48cb420a3d3af.png , https://www.statistics.gov.hk/pub/B1010005012008XXXXB1300.pdf
2ecedd29070c4d9e6403e45709d7e264.png , https://www.statistics.gov.hk/pub/B1010005012008XXXXB1300.pdf
30a2b7d3843d8e32a52d98b5a0925687.png , https://www.statistics.gov.hk/pub/B1010005012008XXXXB1300.pdf
36fe5e75a903819db271fe32c9c3bcbe.png , https://www.statistics.gov.hk/pub/B1010005012008XXXXB1300.pdf
38f39270d0f2bd9e23634e558d5032c5.png , https://www.statistics.gov.hk/pub/B1010005012008XXXXB1300.pdf
396992e4e347d3ba782be190c0c0d7aa.png , https://www.statistics.gov.hk/pub/B1010005012008XXXXB1300.pdf
3bcd778d138a32d9dcfbd8975af9c5ff.png , https://www.statistics.gov.hk/pub/B1010005012008XXXXB1300.pdf
41d71608dcfa5664a9009f02190d1890.png , https://www.statistics.gov.hk/pub/B1010005012008XXXXB1300.pdf
4384b29e96b08f4dbb2ba2ffcb1bc267.png , https://www.statistics.gov.hk/pub/B1010005012008XXXXB1300.pdf
43d5dd929febdd5040f16197d311a300.png , https://www.statistics.gov.hk/pub/B1010005012008XXXXB1300.pdf
491af3875ff2d08ed28db14f13e64627.png , https://www.statistics.gov.hk/pub/B1010005012008XXXXB1300.pdf
4c113c6c8c7967cb30b28fc6b201a103.png , https://www.statistics.gov.hk/pub/B1010005012008XXXXB1300.pdf
4f7525a68a05bc192292abdb8cfdf0fe.png , https://www.statistics.gov.hk/pub/B1010005012008XXXXB1300.pdf
5091712c2016b6cc27093233d358e4cd.png , https://www.statistics.gov.hk/pub/B1010005012008XXXXB1300.pdf
52042f41451fa5a59dd7e05a6abdf3f1.png , https://www.statistics.gov.hk/pub/B1010005012008XXXXB1300.pdf
5568cc2308ced86aa401debd0214a4d3.png , https://www.statistics.gov.hk/pub/B1010005012008XXXXB1300.pdf
5c0424ca025c2a602b21abffdc1518eb.png , https://www.statistics.gov.hk/pub/B1010005012008XXXXB1300.pdf
5e03c60411b5ca98c4ec1d225fab5337.png , https://www.statistics.gov.hk/pub/B1010005012008XXXXB1300.pdf
6112ed30499a693e48958ae9be361e69.png , https://www.statistics.gov.hk/pub/B1010005012008XXXXB1300.pdf
6799bb3d4a96b2afac14fa61d7fc8acd.png , https://www.statistics.gov.hk/pub/B1010005012008XXXXB1300.pdf
6f154693f3ad6b3df55000c886f669dc.png , https://www.statistics.gov.hk/pub/B1010005012008XXXXB1300.pdf
72020bfa388b0efe8904cd5fcb296ea0.png , https://www.statistics.gov.hk/pub/B1010005012008XXXXB1300.pdf
7268dd1b3a8951ac6fbfc1f8d43bf49f.png , https://www.statistics.gov.hk/pub/B1010005012008XXXXB1300.pdf
737395b6efe219812c39392ed10b3e73.png , https://www.statistics.gov.hk/pub/B1010005012008XXXXB1300.pdf
77a66b5a2a77c20b5627aad3fb3f837a.png , https://www.statistics.gov.hk/pub/B1010005012008XXXXB1300.pdf
7d2d9ba9e628099ca1254cff84dd6b39.png , https://www.statistics.gov.hk/pub/B1010005012008XXXXB1300.pdf
81f07c30f8646b13bb273bf9c4feccf3.png , https://www.statistics.gov.hk/pub/B1010005012008XXXXB1300.pdf
83a1334e8666c9424f25b92c41bfa728.png , https://www.statistics.gov.hk/pub/B1010005012008XXXXB1300.pdf
8f86f0a6f68dec23c8c97673143d4500.png , https://www.statistics.gov.hk/pub/B1010005012008XXXXB1300.pdf
90ed9f491ca25a58ed90da8018b81bd2.png , https://www.statistics.gov.hk/pub/B1010005012008XXXXB1300.pdf
90f526e6646bb03650acf620eba606e9.png , https://www.statistics.gov.hk/pub/B1010005012008XXXXB1300.pdf
9d56a308c9b196565526bbdb4e1ef66a.png , https://www.statistics.gov.hk/pub/B1010005012008XXXXB1300.pdf
9ebc6377feaa9ef7a3da8a06b6806332.png , https://www.statistics.gov.hk/pub/B1010005012008XXXXB1300.pdf
a1a3029348cdbe59166358629d895b95.png , https://www.statistics.gov.hk/pub/B1010005012008XXXXB1300.pdf
a292b55c10831966b899f0071f4ac910.png , https://www.statistics.gov.hk/pub/B1010005012008XXXXB1300.pdf
a3a326b94bfb0eb1a08b9fc16199221a.png , https://www.statistics.gov.hk/pub/B1010005012008XXXXB1300.pdf
a8be34490ec9a86d0de1347b71a40b49.png , https://www.statistics.gov.hk/pub/B1010005012008XXXXB1300.pdf
b265a5014485ba4dc94606b7bcde155c.png , https://www.statistics.gov.hk/pub/B1010005012008XXXXB1300.pdf
b330ad8c7614229f7ad254f7deb2381e.png , https://www.statistics.gov.hk/pub/B1010005012008XXXXB1300.pdf
b939946ce460162808dc6bce7635405d.png , https://www.statistics.gov.hk/pub/B1010005012008XXXXB1300.pdf
bec955cd944bfa89e7f5cbad925c7b69.png , https://www.statistics.gov.hk/pub/B1010005012008XXXXB1300.pdf
c0b02ef602826fd9c949599fe32e3b70.png , https://www.statistics.gov.hk/pub/B1010005012008XXXXB1300.pdf
c5299a61ba1aa4a019caa0273df09131.png , https://www.statistics.gov.hk/pub/B1010005012008XXXXB1300.pdf
cee91813e994cec795e43d1b9c81ee58.png , https://www.statistics.gov.hk/pub/B1010005012008XXXXB1300.pdf
d4c5f5f778e57346621ade0fa03030cf.png , https://www.statistics.gov.hk/pub/B1010005012008XXXXB1300.pdf
d71e48ba6c671a521e4f5b3f0e456538.png , https://www.statistics.gov.hk/pub/B1010005012008XXXXB1300.pdf
de7058abda40973b48eac11a33c7ea88.png , https://www.statistics.gov.hk/pub/B1010005012008XXXXB1300.pdf
dea96168056706572127985dedd5e3f2.png , https://www.statistics.gov.hk/pub/B1010005012008XXXXB1300.pdf
dfc286bc412ea30cb12645c89205eb2a.png , https://www.statistics.gov.hk/pub/B1010005012008XXXXB1300.pdf
e0d917e14ff0ad5a64927ddc24a454bd.png , https://www.statistics.gov.hk/pub/B1010005012008XXXXB1300.pdf
e629dd5a26b191a0d47c90e7bb28b92d.png , https://www.statistics.gov.hk/pub/B1010005012008XXXXB1300.pdf
ee08e9a3c4fb30f3e526c88d23b5a25a.png , https://www.statistics.gov.hk/pub/B1010005012008XXXXB1300.pdf
eede18d78d561562d21991205a664f5e.png , https://www.statistics.gov.hk/pub/B1010005012008XXXXB1300.pdf
efc973c5988e9aaeeba4800df94f65ff.png , https://www.statistics.gov.hk/pub/B1010005012008XXXXB1300.pdf
f42bb9d59014a91b80bb04e73ade97d8.png , https://www.statistics.gov.hk/pub/B1010005012008XXXXB1300.pdf
f5f2dd66a5a84dbbc432fd63fd827b85.png , https://www.statistics.gov.hk/pub/B1010005012008XXXXB1300.pdf
f67e5e6dcd7701c7bbb3836a23da3bb1.png , https://www.statistics.gov.hk/pub/B1010005012008XXXXB1300.pdf
f8b39dd46dcc64ba830247f0cf2d7f2c.png , https://www.statistics.gov.hk/pub/B1010005012008XXXXB1300.pdf
fb684c6aa1810e7a0e6ff177896ecead.png , https://www.statistics.gov.hk/pub/B1010005012008XXXXB1300.pdf
fc23ced7429990b7ede2909b18c3c82f.png , https://www.statistics.gov.hk/pub/B1010005012008XXXXB1300.pdf
fd2ea58eb19a2dc6c1898bfb8557f200.png , https://www.statistics.gov.hk/pub/B1010005012008XXXXB1300.pdf
fd68052de381e3648cf72425ad6dd497.png , https://www.statistics.gov.hk/pub/B1010005012008XXXXB1300.pdf
